Timestamp,SessionId,UserName, AbsoluteUrl,Menu,Submenu
28/5/2024 9:23:44 AM,k2nd32b3knc5hwvdcjplru3u,Weiengkhoo,https://portal.incorp.asia/myportal/EmailHelpdesk/frmEhpdDashboardTickets,DashBoard,Dashboard
28/5/2024 9:23:51 AM,k2nd32b3knc5hwvdcjplru3u,Weiengkhoo,https://portal.incorp.asia/myportal/EmailHelpdesk/frmEhpdDashboardTickets/GetStaffName,DashBoard,Dashboard
28/5/2024 10:13:22 AM,k2nd32b3knc5hwvdcjplru3u,Weiengkhoo,https://portal.incorp.asia/myportal/CompanyModule/frmCmpCompanyDirectory,Corporate Secretary,Company Details
28/5/2024 10:13:27 AM,k2nd32b3knc5hwvdcjplru3u,Weiengkhoo,https://portal.incorp.asia/myportal/CompanyModule/frmCmpCompanyDirectory,Corporate Secretary,Company Details
28/5/2024 10:15:38 AM,k2nd32b3knc5hwvdcjplru3u,Weiengkhoo,https://portal.incorp.asia/myportal/CompanyModule/frmCmpCompanyDirectory,Corporate Secretary,Company Details
28/5/2024 10:17:01 AM,k2nd32b3knc5hwvdcjplru3u,Weiengkhoo,https://portal.incorp.asia/myportal/CompanyModule/frmCmpCompanyDirectory,Corporate Secretary,Company Details
28/5/2024 10:37:59 AM,k2nd32b3knc5hwvdcjplru3u,Weiengkhoo,https://portal.incorp.asia/myportal/MYOB/frmMyobSalesRegister,Accounting Module,Sales Invoice
28/5/2024 10:38:00 AM,k2nd32b3knc5hwvdcjplru3u,Weiengkhoo,https://portal.incorp.asia/myportal/MYOB/frmMYOBSalesRegisterTransferedInvoice,Accounting Module,Transferred Invoice
28/5/2024 10:38:16 AM,k2nd32b3knc5hwvdcjplru3u,Weiengkhoo,https://portal.incorp.asia/myportal/MYOB/frmMYOBSalesRegisterTransferedInvoice,Accounting Module,Transferred Invoice
28/5/2024 10:38:18 AM,k2nd32b3knc5hwvdcjplru3u,Weiengkhoo,https://portal.incorp.asia/myportal/MYOB/frmMYOBSalesRegisterTransferedInvoice,Accounting Module,Transferred Invoice
28/5/2024 10:38:20 AM,k2nd32b3knc5hwvdcjplru3u,Weiengkhoo,https://portal.incorp.asia/myportal/MYOB/frmMYOBSalesRegisterTransferedInvoice,Accounting Module,Transferred Invoice
28/5/2024 10:38:22 AM,k2nd32b3knc5hwvdcjplru3u,Weiengkhoo,https://portal.incorp.asia/myportal/MYOB/frmMYOBSalesRegisterTransferedInvoice,Accounting Module,Transferred Invoice
28/5/2024 10:38:23 AM,k2nd32b3knc5hwvdcjplru3u,Weiengkhoo,https://portal.incorp.asia/myportal/MYOB/frmMYOBSalesRegisterTransferedInvoice,Accounting Module,Transferred Invoice
28/5/2024 10:38:25 AM,k2nd32b3knc5hwvdcjplru3u,Weiengkhoo,https://portal.incorp.asia/myportal/MYOB/frmMYOBSalesRegisterTransferedInvoice,Accounting Module,Transferred Invoice
28/5/2024 10:38:27 AM,k2nd32b3knc5hwvdcjplru3u,Weiengkhoo,https://portal.incorp.asia/myportal/MYOB/frmMYOBSalesRegisterTransferedInvoice,Accounting Module,Transferred Invoice
28/5/2024 10:42:54 AM,k2nd32b3knc5hwvdcjplru3u,Weiengkhoo,https://portal.incorp.asia/myportal/IncomingReceipts/frmINCIncomingChequeRegister?MYOBIncomingCategoryId=1,Credit Control,Incoming Receipts
28/5/2024 10:43:06 AM,k2nd32b3knc5hwvdcjplru3u,Weiengkhoo,https://portal.incorp.asia/myportal/IncomingReceipts/frmINCIncomingChequeRegister?MYOBIncomingCategoryId=1,Credit Control,Incoming Receipts
28/5/2024 10:43:21 AM,k2nd32b3knc5hwvdcjplru3u,Weiengkhoo,https://portal.incorp.asia/myportal/IncomingReceipts/frmINCIncomingChequeRegister?MYOBIncomingCategoryId=1,Credit Control,Incoming Receipts
28/5/2024 10:43:37 AM,k2nd32b3knc5hwvdcjplru3u,Weiengkhoo,https://portal.incorp.asia/myportal/IncomingReceipts/frmINCIncomingChequeRegister?MYOBIncomingCategoryId=1,Credit Control,Incoming Receipts
28/5/2024 10:43:46 AM,k2nd32b3knc5hwvdcjplru3u,Weiengkhoo,https://portal.incorp.asia/myportal/CompanyModule/frmCmpCompanyDirectory,Corporate Secretary,Company Details
28/5/2024 10:43:55 AM,k2nd32b3knc5hwvdcjplru3u,Weiengkhoo,https://portal.incorp.asia/myportal/MYOB/frmMYOBSalesRegisterTransferedInvoice,Accounting Module,Transferred Invoice
28/5/2024 10:43:59 AM,k2nd32b3knc5hwvdcjplru3u,Weiengkhoo,https://portal.incorp.asia/myportal/MYOB/frmMYOBSalesRegisterTransferedInvoice,Accounting Module,Transferred Invoice
28/5/2024 10:44:00 AM,k2nd32b3knc5hwvdcjplru3u,Weiengkhoo,https://portal.incorp.asia/myportal/MYOB/frmMYOBSalesRegisterTransferedInvoice,Accounting Module,Transferred Invoice
28/5/2024 10:44:02 AM,k2nd32b3knc5hwvdcjplru3u,Weiengkhoo,https://portal.incorp.asia/myportal/MYOB/frmMYOBSalesRegisterTransferedInvoice,Accounting Module,Transferred Invoice
28/5/2024 10:44:02 AM,k2nd32b3knc5hwvdcjplru3u,Weiengkhoo,https://portal.incorp.asia/myportal/MYOB/frmMYOBSalesRegisterTransferedInvoice,Accounting Module,Transferred Invoice
28/5/2024 10:44:03 AM,k2nd32b3knc5hwvdcjplru3u,Weiengkhoo,https://portal.incorp.asia/myportal/MYOB/frmMYOBSalesRegisterTransferedInvoice,Accounting Module,Transferred Invoice
28/5/2024 10:44:04 AM,k2nd32b3knc5hwvdcjplru3u,Weiengkhoo,https://portal.incorp.asia/myportal/MYOB/frmMYOBSalesRegisterTransferedInvoice,Accounting Module,Transferred Invoice
28/5/2024 11:21:02 AM,k2nd32b3knc5hwvdcjplru3u,Weiengkhoo,https://portal.incorp.asia/myportal/CompanyModule/frmCmpCompanyDirectory,Corporate Secretary,Company Details
28/5/2024 11:21:06 AM,k2nd32b3knc5hwvdcjplru3u,Weiengkhoo,https://portal.incorp.asia/myportal/CompanyModule/frmCmpCompanyDirectory,Corporate Secretary,Company Details
28/5/2024 11:23:13 AM,k2nd32b3knc5hwvdcjplru3u,Weiengkhoo,https://portal.incorp.asia/myportal/CompanyModule/frmCmpCompanyDirectory,Corporate Secretary,Company Details
28/5/2024 2:41:05 PM,k2nd32b3knc5hwvdcjplru3u,Weiengkhoo,https://portal.incorp.asia/myportal/CompanyModule/frmCmpCompanyDirectory,Corporate Secretary,Company Details
28/5/2024 2:41:09 PM,k2nd32b3knc5hwvdcjplru3u,Weiengkhoo,https://portal.incorp.asia/myportal/CompanyModule/frmCmpCompanyDirectory,Corporate Secretary,Company Details
28/5/2024 3:37:55 PM,k2nd32b3knc5hwvdcjplru3u,Weiengkhoo,https://portal.incorp.asia/myportal/MYOB/frmMYOBSaleOrderRegister?sales_type=3&ScreenId=1,Accounting Module,Sales Order
28/5/2024 3:38:02 PM,k2nd32b3knc5hwvdcjplru3u,Weiengkhoo,https://portal.incorp.asia/myportal/MYOB/frmMYOBSaleOrderRegister?sales_type=3&ScreenId=1,Accounting Module,Sales Order
28/5/2024 3:40:24 PM,k2nd32b3knc5hwvdcjplru3u,Weiengkhoo,https://portal.incorp.asia/myportal/MYOB/frmMYOBSaleOrderRegister,Accounting Module,Sales Order
28/5/2024 3:53:43 PM,k2nd32b3knc5hwvdcjplru3u,Weiengkhoo,https://portal.incorp.asia/myportal/Leave/FrmLeaveRequest,Leave Management,Leave Request
28/5/2024 3:55:21 PM,k2nd32b3knc5hwvdcjplru3u,Weiengkhoo,https://portal.incorp.asia/myportal/Leave/FrmLeaveApprove,Leave Management,Leave Details
28/5/2024 3:55:27 PM,k2nd32b3knc5hwvdcjplru3u,Weiengkhoo,https://portal.incorp.asia/myportal/Leave/LeaveCalendar,Leave Management,Leave Calendar
28/5/2024 3:55:49 PM,k2nd32b3knc5hwvdcjplru3u,Weiengkhoo,https://portal.incorp.asia/myportal/Leave/LeaveCalendar,Leave Management,Leave Calendar
28/5/2024 3:55:52 PM,k2nd32b3knc5hwvdcjplru3u,Weiengkhoo,https://portal.incorp.asia/myportal/Leave/LeaveCalendar,Leave Management,Leave Calendar
28/5/2024 3:57:08 PM,k2nd32b3knc5hwvdcjplru3u,Weiengkhoo,https://portal.incorp.asia/myportal/KnowledgeBase/frmKBAttendanceDetails,Leave Management,Attendance Details
28/5/2024 3:57:17 PM,k2nd32b3knc5hwvdcjplru3u,Weiengkhoo,https://portal.incorp.asia/myportal/Leave/FrmLeaveApprove,Leave Management,Leave Details
28/5/2024 3:57:22 PM,k2nd32b3knc5hwvdcjplru3u,Weiengkhoo,https://portal.incorp.asia/myportal/Leave/FrmLeaveRequest,Leave Management,Leave Request
28/5/2024 3:57:24 PM,k2nd32b3knc5hwvdcjplru3u,Weiengkhoo,https://portal.incorp.asia/myportal/Leave/FrmLeaveApprove,Leave Management,Leave Details
28/5/2024 3:57:26 PM,k2nd32b3knc5hwvdcjplru3u,Weiengkhoo,https://portal.incorp.asia/myportal/KnowledgeBase/frmKBAttendanceDetails,Leave Management,Attendance Details
28/5/2024 3:57:33 PM,k2nd32b3knc5hwvdcjplru3u,Weiengkhoo,https://portal.incorp.asia/myportal/Leave/FrmLeaveApprove,Leave Management,Leave Details
28/5/2024 3:57:35 PM,k2nd32b3knc5hwvdcjplru3u,Weiengkhoo,https://portal.incorp.asia/myportal/Leave/FrmLeaveRequest,Leave Management,Leave Request
28/5/2024 3:58:55 PM,k2nd32b3knc5hwvdcjplru3u,Weiengkhoo,https://portal.incorp.asia/myportal/Leave/LeaveCalendar,Leave Management,Leave Calendar
28/5/2024 3:59:17 PM,k2nd32b3knc5hwvdcjplru3u,Weiengkhoo,https://portal.incorp.asia/myportal/Leave/LeaveCalendar,Leave Management,Leave Calendar
28/5/2024 4:01:58 PM,k2nd32b3knc5hwvdcjplru3u,Weiengkhoo,https://portal.incorp.asia/myportal/Leave/LeaveCalendar,Leave Management,Leave Calendar
28/5/2024 4:02:02 PM,k2nd32b3knc5hwvdcjplru3u,Weiengkhoo,https://portal.incorp.asia/myportal/Leave/LeaveCalendar,Leave Management,Leave Calendar
28/5/2024 4:02:23 PM,k2nd32b3knc5hwvdcjplru3u,Weiengkhoo,https://portal.incorp.asia/myportal/Leave/LeaveCalendar,Leave Management,Leave Calendar
28/5/2024 4:03:30 PM,k2nd32b3knc5hwvdcjplru3u,Weiengkhoo,https://portal.incorp.asia/myportal/Leave/FrmLeaveApprove,Leave Management,Leave Details
28/5/2024 4:03:41 PM,k2nd32b3knc5hwvdcjplru3u,Weiengkhoo,https://portal.incorp.asia/myportal/Leave/FrmLeaveRequest,Leave Management,Leave Request
28/5/2024 4:04:34 PM,k2nd32b3knc5hwvdcjplru3u,Weiengkhoo,https://portal.incorp.asia/myportal/Leave/FrmLeaveApprove,Leave Management,Leave Details
28/5/2024 4:16:07 PM,k2nd32b3knc5hwvdcjplru3u,Weiengkhoo,https://portal.incorp.asia/myportal/CRMModule/frmCRMMain,Corporate Secretary,CRM Module
28/5/2024 4:16:10 PM,k2nd32b3knc5hwvdcjplru3u,Weiengkhoo,https://portal.incorp.asia/myportal/CRMModule/frmCRMMain,Corporate Secretary,CRM Module
28/5/2024 4:16:12 PM,k2nd32b3knc5hwvdcjplru3u,Weiengkhoo,https://portal.incorp.asia/myportal/CRMModule/frmCRMMain,Corporate Secretary,CRM Module
28/5/2024 4:16:14 PM,k2nd32b3knc5hwvdcjplru3u,Weiengkhoo,https://portal.incorp.asia/myportal/CRMModule/frmCRMMain,Corporate Secretary,CRM Module
28/5/2024 5:01:55 PM,3m53lhxd20bvo2kb2cua4flj,Weiengkhoo,https://portal.incorp.asia/myportal/EmailHelpdesk/frmEhpdDashboardTickets,DashBoard,Dashboard
28/5/2024 5:02:02 PM,3m53lhxd20bvo2kb2cua4flj,Weiengkhoo,https://portal.incorp.asia/myportal/EmailHelpdesk/frmEhpdDashboardTickets/GetStaffName,DashBoard,Dashboard
28/5/2024 5:02:08 PM,3m53lhxd20bvo2kb2cua4flj,Weiengkhoo,https://portal.incorp.asia/myportal/CompanyModule/frmCmpCompanyDirectory,Corporate Secretary,Company Details
28/5/2024 5:02:10 PM,3m53lhxd20bvo2kb2cua4flj,Weiengkhoo,https://portal.incorp.asia/myportal/CompanyModule/frmCmpPersonDirectory,Corporate Secretary,ID Type Particulars
28/5/2024 5:02:16 PM,3m53lhxd20bvo2kb2cua4flj,Weiengkhoo,https://portal.incorp.asia/myportal/CompanyModule/frmCmpPersonDirectory,Corporate Secretary,ID Type Particulars
28/5/2024 5:02:18 PM,3m53lhxd20bvo2kb2cua4flj,Weiengkhoo,https://portal.incorp.asia/myportal/CompanyModule/frmCmpPersonDirectory,Corporate Secretary,ID Type Particulars
28/5/2024 5:24:18 PM,3m53lhxd20bvo2kb2cua4flj,Weiengkhoo,https://portal.incorp.asia/myportal/CompanyModule/frmCmpCompanyDirectory,Corporate Secretary,Company Details
29/5/2024 9:23:40 AM,4mrgsouggutm532ls0k4ydrt,Weiengkhoo,https://portal.incorp.asia/myportal/EmailHelpdesk/frmEhpdDashboardTickets,DashBoard,Dashboard
29/5/2024 9:23:46 AM,4mrgsouggutm532ls0k4ydrt,Weiengkhoo,https://portal.incorp.asia/myportal/EmailHelpdesk/frmEhpdDashboardTickets/GetStaffName,DashBoard,Dashboard
29/5/2024 9:51:01 AM,4mrgsouggutm532ls0k4ydrt,Weiengkhoo,https://portal.incorp.asia/myportal/MYOB/frmMyobStatementOfAccount,Credit Control,Statement of Accounts
29/5/2024 9:51:08 AM,4mrgsouggutm532ls0k4ydrt,Weiengkhoo,https://portal.incorp.asia/myportal/MYOB/frmMyobStatementOfAccount,Credit Control,Statement of Accounts
29/5/2024 9:51:09 AM,4mrgsouggutm532ls0k4ydrt,Weiengkhoo,https://portal.incorp.asia/myportal/MYOB/frmMyobStatementOfAccount,Credit Control,Statement of Accounts
29/5/2024 9:51:10 AM,4mrgsouggutm532ls0k4ydrt,Weiengkhoo,https://portal.incorp.asia/myportal/MYOB/frmMyobStatementOfAccount,Credit Control,Statement of Accounts
29/5/2024 9:51:11 AM,4mrgsouggutm532ls0k4ydrt,Weiengkhoo,https://portal.incorp.asia/myportal/MYOB/frmMyobStatementOfAccount,Credit Control,Statement of Accounts
29/5/2024 9:51:11 AM,4mrgsouggutm532ls0k4ydrt,Weiengkhoo,https://portal.incorp.asia/myportal/MYOB/frmMyobStatementOfAccount,Credit Control,Statement of Accounts
29/5/2024 9:51:12 AM,4mrgsouggutm532ls0k4ydrt,Weiengkhoo,https://portal.incorp.asia/myportal/MYOB/frmMyobStatementOfAccount,Credit Control,Statement of Accounts
29/5/2024 9:51:17 AM,4mrgsouggutm532ls0k4ydrt,Weiengkhoo,https://portal.incorp.asia/myportal/IncomingReceipts/frmINCIncomingChequeRegister?MYOBIncomingCategoryId=1,Credit Control,Incoming Receipts
29/5/2024 9:51:43 AM,4mrgsouggutm532ls0k4ydrt,Weiengkhoo,https://portal.incorp.asia/myportal/IncomingReceipts/frmINCIncomingChequeRegister?MYOBIncomingCategoryId=1,Credit Control,Incoming Receipts
29/5/2024 10:22:44 AM,4mrgsouggutm532ls0k4ydrt,Weiengkhoo,https://portal.incorp.asia/myportal/MYOB/frmMyobStatementOfAccount,Credit Control,Statement of Accounts
29/5/2024 10:22:46 AM,4mrgsouggutm532ls0k4ydrt,Weiengkhoo,https://portal.incorp.asia/myportal/CRMModule/frmCRMMain,Corporate Secretary,CRM Module
29/5/2024 11:24:14 AM,4mrgsouggutm532ls0k4ydrt,Weiengkhoo,https://portal.incorp.asia/myportal/CompanyModule/frmCmpCompanyDirectory,Corporate Secretary,Company Details
29/5/2024 11:24:20 AM,4mrgsouggutm532ls0k4ydrt,Weiengkhoo,https://portal.incorp.asia/myportal/CompanyModule/frmCmpCompanyDirectory,Corporate Secretary,Company Details
29/5/2024 11:30:25 AM,4mrgsouggutm532ls0k4ydrt,Weiengkhoo,https://portal.incorp.asia/myportal/MYOB/frmMYOBSalesRegisterTransferedInvoice,Accounting Module,Transferred Invoice
29/5/2024 11:30:28 AM,4mrgsouggutm532ls0k4ydrt,Weiengkhoo,https://portal.incorp.asia/myportal/MYOB/frmMYOBSalesRegisterTransferedInvoice,Accounting Module,Transferred Invoice
29/5/2024 11:30:29 AM,4mrgsouggutm532ls0k4ydrt,Weiengkhoo,https://portal.incorp.asia/myportal/MYOB/frmMYOBSalesRegisterTransferedInvoice,Accounting Module,Transferred Invoice
29/5/2024 11:30:32 AM,4mrgsouggutm532ls0k4ydrt,Weiengkhoo,https://portal.incorp.asia/myportal/MYOB/frmMYOBSalesRegisterTransferedInvoice,Accounting Module,Transferred Invoice
29/5/2024 11:30:35 AM,4mrgsouggutm532ls0k4ydrt,Weiengkhoo,https://portal.incorp.asia/myportal/MYOB/frmMYOBSalesRegisterTransferedInvoice,Accounting Module,Transferred Invoice
29/5/2024 11:30:37 AM,4mrgsouggutm532ls0k4ydrt,Weiengkhoo,https://portal.incorp.asia/myportal/MYOB/frmMYOBSalesRegisterTransferedInvoice,Accounting Module,Transferred Invoice
29/5/2024 11:30:39 AM,4mrgsouggutm532ls0k4ydrt,Weiengkhoo,https://portal.incorp.asia/myportal/MYOB/frmMYOBSalesRegisterTransferedInvoice,Accounting Module,Transferred Invoice
29/5/2024 11:30:41 AM,4mrgsouggutm532ls0k4ydrt,Weiengkhoo,https://portal.incorp.asia/myportal/MYOB/frmMYOBSalesRegisterTransferedInvoice,Accounting Module,Transferred Invoice
29/5/2024 11:30:43 AM,4mrgsouggutm532ls0k4ydrt,Weiengkhoo,https://portal.incorp.asia/myportal/MYOB/frmMYOBSalesRegisterTransferedInvoice,Accounting Module,Transferred Invoice
29/5/2024 11:31:32 AM,4mrgsouggutm532ls0k4ydrt,Weiengkhoo,https://portal.incorp.asia/myportal/MYOB/frmMYOBSaleOrderRegister?sales_type=3&ScreenId=1,Accounting Module,Sales Order
29/5/2024 11:31:37 AM,4mrgsouggutm532ls0k4ydrt,Weiengkhoo,https://portal.incorp.asia/myportal/MYOB/frmMYOBSaleOrderRegister?sales_type=3&ScreenId=1,Accounting Module,Sales Order
29/5/2024 11:32:50 AM,4mrgsouggutm532ls0k4ydrt,Weiengkhoo,https://portal.incorp.asia/myportal/MYOB/frmMYOBSaleOrderRegister,Accounting Module,Sales Order
29/5/2024 11:36:17 AM,4mrgsouggutm532ls0k4ydrt,Weiengkhoo,https://portal.incorp.asia/myportal/CompanyModule/frmCmpCompanyDirectory,Corporate Secretary,Company Details
29/5/2024 11:36:22 AM,4mrgsouggutm532ls0k4ydrt,Weiengkhoo,https://portal.incorp.asia/myportal/CompanyModule/frmCmpCompanyDirectory,Corporate Secretary,Company Details
29/5/2024 11:36:40 AM,4mrgsouggutm532ls0k4ydrt,Weiengkhoo,https://portal.incorp.asia/myportal/CompanyModule/frmCmpCompanyDirectory,Corporate Secretary,Company Details
29/5/2024 11:36:44 AM,4mrgsouggutm532ls0k4ydrt,Weiengkhoo,https://portal.incorp.asia/myportal/CompanyModule/frmCmpCompanyDirectory,Corporate Secretary,Company Details
29/5/2024 11:37:08 AM,4mrgsouggutm532ls0k4ydrt,Weiengkhoo,https://portal.incorp.asia/myportal/CompanyModule/frmCmpCompanyDirectory,Corporate Secretary,Company Details
29/5/2024 11:37:14 AM,4mrgsouggutm532ls0k4ydrt,Weiengkhoo,https://portal.incorp.asia/myportal/CompanyModule/frmCmpCompanyDirectory,Corporate Secretary,Company Details
29/5/2024 11:37:42 AM,4mrgsouggutm532ls0k4ydrt,Weiengkhoo,https://portal.incorp.asia/myportal/CRMModule/frmCRMMain,Corporate Secretary,CRM Module
29/5/2024 11:37:45 AM,4mrgsouggutm532ls0k4ydrt,Weiengkhoo,https://portal.incorp.asia/myportal/CRMModule/frmCRMMain,Corporate Secretary,CRM Module
29/5/2024 11:37:47 AM,4mrgsouggutm532ls0k4ydrt,Weiengkhoo,https://portal.incorp.asia/myportal/CRMModule/frmCRMMain,Corporate Secretary,CRM Module
29/5/2024 11:37:47 AM,4mrgsouggutm532ls0k4ydrt,Weiengkhoo,https://portal.incorp.asia/myportal/CRMModule/frmCRMMain,Corporate Secretary,CRM Module
29/5/2024 11:37:48 AM,4mrgsouggutm532ls0k4ydrt,Weiengkhoo,https://portal.incorp.asia/myportal/CRMModule/frmCRMMain,Corporate Secretary,CRM Module
29/5/2024 11:37:52 AM,4mrgsouggutm532ls0k4ydrt,Weiengkhoo,https://portal.incorp.asia/myportal/CRMModule/frmCRMMain,Corporate Secretary,CRM Module
29/5/2024 11:37:53 AM,4mrgsouggutm532ls0k4ydrt,Weiengkhoo,https://portal.incorp.asia/myportal/CRMModule/frmCRMMain,Corporate Secretary,CRM Module
29/5/2024 11:38:20 AM,4mrgsouggutm532ls0k4ydrt,Weiengkhoo,https://portal.incorp.asia/myportal/CRMModule/frmCRMMain,Corporate Secretary,CRM Module
29/5/2024 11:40:40 AM,4mrgsouggutm532ls0k4ydrt,Weiengkhoo,https://portal.incorp.asia/myportal/CRMModule/frmCRMMain,Corporate Secretary,CRM Module
29/5/2024 11:41:08 AM,4mrgsouggutm532ls0k4ydrt,Weiengkhoo,https://portal.incorp.asia/myportal/CompanyModule/frmCmpCompanyDirectory,Corporate Secretary,Company Details
29/5/2024 11:41:20 AM,4mrgsouggutm532ls0k4ydrt,Weiengkhoo,https://portal.incorp.asia/myportal/CRMModule/frmCRMMain,Corporate Secretary,CRM Module
29/5/2024 11:41:31 AM,4mrgsouggutm532ls0k4ydrt,Weiengkhoo,https://portal.incorp.asia/myportal/CRMModule/frmCRMMain,Corporate Secretary,CRM Module
29/5/2024 11:41:45 AM,4mrgsouggutm532ls0k4ydrt,Weiengkhoo,https://portal.incorp.asia/myportal/CRMModule/frmCRMMain,Corporate Secretary,CRM Module
29/5/2024 11:42:03 AM,4mrgsouggutm532ls0k4ydrt,Weiengkhoo,https://portal.incorp.asia/myportal/CompanyModule/frmCmpCompanyDirectory,Corporate Secretary,Company Details
29/5/2024 11:44:05 AM,4mrgsouggutm532ls0k4ydrt,Weiengkhoo,https://portal.incorp.asia/myportal/CRMModule/frmCRMMain,Corporate Secretary,CRM Module
29/5/2024 11:44:29 AM,4mrgsouggutm532ls0k4ydrt,Weiengkhoo,https://portal.incorp.asia/myportal/CompanyModule/frmCmpCompanyDirectory,Corporate Secretary,Company Details
29/5/2024 11:44:52 AM,4mrgsouggutm532ls0k4ydrt,Weiengkhoo,https://portal.incorp.asia/myportal/CRMModule/frmCRMMain,Corporate Secretary,CRM Module
29/5/2024 11:44:54 AM,4mrgsouggutm532ls0k4ydrt,Weiengkhoo,https://portal.incorp.asia/myportal/CRMModule/frmCRMMain,Corporate Secretary,CRM Module
29/5/2024 11:44:57 AM,4mrgsouggutm532ls0k4ydrt,Weiengkhoo,https://portal.incorp.asia/myportal/CRMModule/frmCRMMain,Corporate Secretary,CRM Module
29/5/2024 11:44:58 AM,4mrgsouggutm532ls0k4ydrt,Weiengkhoo,https://portal.incorp.asia/myportal/CRMModule/frmCRMMain,Corporate Secretary,CRM Module
29/5/2024 11:45:13 AM,4mrgsouggutm532ls0k4ydrt,Weiengkhoo,https://portal.incorp.asia/myportal/CRMModule/frmCRMMain,Corporate Secretary,CRM Module
29/5/2024 11:45:15 AM,4mrgsouggutm532ls0k4ydrt,Weiengkhoo,https://portal.incorp.asia/myportal/CRMModule/frmCRMMain,Corporate Secretary,CRM Module
29/5/2024 11:45:36 AM,4mrgsouggutm532ls0k4ydrt,Weiengkhoo,https://portal.incorp.asia/myportal/CRMModule/frmCRMMain,Corporate Secretary,CRM Module
29/5/2024 11:45:37 AM,4mrgsouggutm532ls0k4ydrt,Weiengkhoo,https://portal.incorp.asia/myportal/CRMModule/frmCRMMain,Corporate Secretary,CRM Module
29/5/2024 11:45:40 AM,4mrgsouggutm532ls0k4ydrt,Weiengkhoo,https://portal.incorp.asia/myportal/CRMModule/frmCRMMain,Corporate Secretary,CRM Module
29/5/2024 11:45:58 AM,4mrgsouggutm532ls0k4ydrt,Weiengkhoo,https://portal.incorp.asia/myportal/CRMModule/frmCRMMain,Corporate Secretary,CRM Module
29/5/2024 11:46:00 AM,4mrgsouggutm532ls0k4ydrt,Weiengkhoo,https://portal.incorp.asia/myportal/CRMModule/frmCRMMain,Corporate Secretary,CRM Module
29/5/2024 11:46:08 AM,4mrgsouggutm532ls0k4ydrt,Weiengkhoo,https://portal.incorp.asia/myportal/CRMModule/frmCRMMain,Corporate Secretary,CRM Module
29/5/2024 11:46:29 AM,4mrgsouggutm532ls0k4ydrt,Weiengkhoo,https://portal.incorp.asia/myportal/MYOB/frmMyobSalesRegister,Accounting Module,Sales Invoice
29/5/2024 11:46:33 AM,4mrgsouggutm532ls0k4ydrt,Weiengkhoo,https://portal.incorp.asia/myportal/MYOB/frmMyobSalesRegister,Accounting Module,Sales Invoice
29/5/2024 11:47:03 AM,4mrgsouggutm532ls0k4ydrt,Weiengkhoo,https://portal.incorp.asia/myportal/MYOB/frmMyobSalesRegister,Accounting Module,Sales Invoice
29/5/2024 11:47:07 AM,4mrgsouggutm532ls0k4ydrt,Weiengkhoo,https://portal.incorp.asia/myportal/MYOB/frmMyobSalesRegister,Accounting Module,Sales Invoice
29/5/2024 11:47:33 AM,4mrgsouggutm532ls0k4ydrt,Weiengkhoo,https://portal.incorp.asia/myportal/MYOB/frmMyobSalesRegister,Accounting Module,Sales Invoice
29/5/2024 11:47:36 AM,4mrgsouggutm532ls0k4ydrt,Weiengkhoo,https://portal.incorp.asia/myportal/MYOB/frmMyobSalesRegister,Accounting Module,Sales Invoice
29/5/2024 11:47:38 AM,4mrgsouggutm532ls0k4ydrt,Weiengkhoo,https://portal.incorp.asia/myportal/MYOB/frmMyobSalesRegister,Accounting Module,Sales Invoice
29/5/2024 11:47:39 AM,4mrgsouggutm532ls0k4ydrt,Weiengkhoo,https://portal.incorp.asia/myportal/MYOB/frmMyobSalesRegister,Accounting Module,Sales Invoice
29/5/2024 1:44:14 PM,qvzqrwctwtp4ir2w2xx1znga,Weiengkhoo,https://portal.incorp.asia/myportal/EmailHelpdesk/frmEhpdDashboardTickets,DashBoard,Dashboard
29/5/2024 1:44:21 PM,qvzqrwctwtp4ir2w2xx1znga,Weiengkhoo,https://portal.incorp.asia/myportal/EmailHelpdesk/frmEhpdDashboardTickets/GetStaffName,DashBoard,Dashboard
29/5/2024 1:46:49 PM,qvzqrwctwtp4ir2w2xx1znga,Weiengkhoo,https://portal.incorp.asia/myportal/MYOB/frmMyobSalesRegister,Accounting Module,Sales Invoice
29/5/2024 1:46:55 PM,qvzqrwctwtp4ir2w2xx1znga,Weiengkhoo,https://portal.incorp.asia/myportal/MYOB/frmMYOBSaleOrderRegister?sales_type=3&ScreenId=1,Accounting Module,Sales Order
29/5/2024 1:47:02 PM,qvzqrwctwtp4ir2w2xx1znga,Weiengkhoo,https://portal.incorp.asia/myportal/MYOB/frmMYOBSaleOrderRegister?sales_type=3&ScreenId=1,Accounting Module,Sales Order
29/5/2024 1:47:10 PM,qvzqrwctwtp4ir2w2xx1znga,Weiengkhoo,https://portal.incorp.asia/myportal/MYOB/frmMyobSalesRegister,Accounting Module,Sales Invoice
29/5/2024 1:47:12 PM,qvzqrwctwtp4ir2w2xx1znga,Weiengkhoo,https://portal.incorp.asia/myportal/MYOB/frmMyobSalesRegister,Accounting Module,Sales Invoice
29/5/2024 5:05:39 PM,qvzqrwctwtp4ir2w2xx1znga,Weiengkhoo,https://portal.incorp.asia/myportal/CRMModule/frmCRMMain,Corporate Secretary,CRM Module
29/5/2024 5:05:43 PM,qvzqrwctwtp4ir2w2xx1znga,Weiengkhoo,https://portal.incorp.asia/myportal/CRMModule/frmCRMMain,Corporate Secretary,CRM Module
29/5/2024 5:05:43 PM,qvzqrwctwtp4ir2w2xx1znga,Weiengkhoo,https://portal.incorp.asia/myportal/CRMModule/frmCRMMain,Corporate Secretary,CRM Module
29/5/2024 5:05:44 PM,qvzqrwctwtp4ir2w2xx1znga,Weiengkhoo,https://portal.incorp.asia/myportal/CRMModule/frmCRMMain,Corporate Secretary,CRM Module
29/5/2024 5:05:45 PM,qvzqrwctwtp4ir2w2xx1znga,Weiengkhoo,https://portal.incorp.asia/myportal/CRMModule/frmCRMMain,Corporate Secretary,CRM Module
29/5/2024 5:05:46 PM,qvzqrwctwtp4ir2w2xx1znga,Weiengkhoo,https://portal.incorp.asia/myportal/CRMModule/frmCRMMain,Corporate Secretary,CRM Module
29/5/2024 5:05:52 PM,qvzqrwctwtp4ir2w2xx1znga,Weiengkhoo,https://portal.incorp.asia/myportal/CRMModule/frmCRMMain,Corporate Secretary,CRM Module
29/5/2024 5:05:54 PM,qvzqrwctwtp4ir2w2xx1znga,Weiengkhoo,https://portal.incorp.asia/myportal/CRMModule/frmCRMMain,Corporate Secretary,CRM Module
29/5/2024 5:05:56 PM,qvzqrwctwtp4ir2w2xx1znga,Weiengkhoo,https://portal.incorp.asia/myportal/CRMModule/frmCRMMain,Corporate Secretary,CRM Module
29/5/2024 5:47:25 PM,qvzqrwctwtp4ir2w2xx1znga,Weiengkhoo,https://portal.incorp.asia/myportal/CompanyModule/frmCmpCompanyDirectory,Corporate Secretary,Company Details
29/5/2024 5:47:31 PM,qvzqrwctwtp4ir2w2xx1znga,Weiengkhoo,https://portal.incorp.asia/myportal/CompanyModule/frmCmpCompanyDirectory,Corporate Secretary,Company Details
29/5/2024 5:48:01 PM,qvzqrwctwtp4ir2w2xx1znga,Weiengkhoo,https://portal.incorp.asia/myportal/CompanyModule/frmCmpCompanyDirectory,Corporate Secretary,Company Details
29/5/2024 5:59:00 PM,qvzqrwctwtp4ir2w2xx1znga,Weiengkhoo,https://portal.incorp.asia/myportal/CompanyModule/frmCmpCompanyDirectory,Corporate Secretary,Company Details
29/5/2024 5:59:03 PM,qvzqrwctwtp4ir2w2xx1znga,Weiengkhoo,https://portal.incorp.asia/myportal/CompanyModule/frmCmpCompanyDirectory,Corporate Secretary,Company Details
30/5/2024 9:09:29 AM,aye2erf2jwajkafqnhe3xgtv,Weiengkhoo,https://portal.incorp.asia/myportal/EmailHelpdesk/frmEhpdDashboardTickets,DashBoard,Dashboard
30/5/2024 9:09:37 AM,aye2erf2jwajkafqnhe3xgtv,Weiengkhoo,https://portal.incorp.asia/myportal/EmailHelpdesk/frmEhpdDashboardTickets/GetStaffName,DashBoard,Dashboard
30/5/2024 9:10:13 AM,aye2erf2jwajkafqnhe3xgtv,Weiengkhoo,https://portal.incorp.asia/myportal/CompanyModule/frmCmpCompanyDirectory,Corporate Secretary,Company Details
30/5/2024 9:10:18 AM,aye2erf2jwajkafqnhe3xgtv,Weiengkhoo,https://portal.incorp.asia/myportal/CompanyModule/frmCmpCompanyDirectory,Corporate Secretary,Company Details
30/5/2024 9:51:16 AM,aye2erf2jwajkafqnhe3xgtv,Weiengkhoo,https://portal.incorp.asia/myportal/Helpdesk/frmHpdStaffDirectory,Knowledge Base,Staff Directory
30/5/2024 9:51:23 AM,aye2erf2jwajkafqnhe3xgtv,Weiengkhoo,https://portal.incorp.asia/myportal/Helpdesk/frmHpdStaffDirectory,Knowledge Base,Staff Directory
30/5/2024 9:51:27 AM,aye2erf2jwajkafqnhe3xgtv,Weiengkhoo,https://portal.incorp.asia/myportal/Helpdesk/frmHpdStaffDirectory,Knowledge Base,Staff Directory
30/5/2024 9:52:51 AM,aye2erf2jwajkafqnhe3xgtv,Weiengkhoo,https://portal.incorp.asia/myportal/Helpdesk/frmHpdStaffDirectory,Knowledge Base,Staff Directory
30/5/2024 9:53:12 AM,aye2erf2jwajkafqnhe3xgtv,Weiengkhoo,https://portal.incorp.asia/myportal/CompanyModule/frmCmpCompanyDirectory,Corporate Secretary,Company Details
30/5/2024 9:54:04 AM,aye2erf2jwajkafqnhe3xgtv,Weiengkhoo,https://portal.incorp.asia/myportal/CompanyModule/frmCmpCompanyDirectory,Corporate Secretary,Company Details
30/5/2024 10:29:07 AM,pmiii3qawudrfg2hw42keium,Weiengkhoo,https://portal.incorp.asia/myportal/EmailHelpdesk/frmEhpdDashboardTickets,DashBoard,Dashboard
30/5/2024 10:29:13 AM,pmiii3qawudrfg2hw42keium,Weiengkhoo,https://portal.incorp.asia/myportal/EmailHelpdesk/frmEhpdDashboardTickets/GetStaffName,DashBoard,Dashboard
30/5/2024 11:09:56 AM,pmiii3qawudrfg2hw42keium,Weiengkhoo,https://portal.incorp.asia/myportal/CompanyModule/frmCmpCompanyDirectory,Corporate Secretary,Company Details
30/5/2024 11:10:01 AM,pmiii3qawudrfg2hw42keium,Weiengkhoo,https://portal.incorp.asia/myportal/CompanyModule/frmCmpCompanyDirectory,Corporate Secretary,Company Details
30/5/2024 1:40:35 PM,pmiii3qawudrfg2hw42keium,Weiengkhoo,https://portal.incorp.asia/myportal/MYOB/frmMYOBSaleOrderRegister?sales_type=3&ScreenId=1,Accounting Module,Sales Order
30/5/2024 1:40:40 PM,pmiii3qawudrfg2hw42keium,Weiengkhoo,https://portal.incorp.asia/myportal/MYOB/frmMYOBSaleOrderRegister?sales_type=3&ScreenId=1,Accounting Module,Sales Order
30/5/2024 1:40:50 PM,pmiii3qawudrfg2hw42keium,Weiengkhoo,https://portal.incorp.asia/myportal/MYOB/frmMYOBSaleOrderRegister,Accounting Module,Sales Order
30/5/2024 1:40:55 PM,pmiii3qawudrfg2hw42keium,Weiengkhoo,https://portal.incorp.asia/myportal/MYOB/frmMYOBSaleOrderRegister,Accounting Module,Sales Order
30/5/2024 2:08:33 PM,pmiii3qawudrfg2hw42keium,Weiengkhoo,https://portal.incorp.asia/myportal/MYOB/frmMyobStatementOfAccount,Credit Control,Statement of Accounts
30/5/2024 2:08:37 PM,pmiii3qawudrfg2hw42keium,Weiengkhoo,https://portal.incorp.asia/myportal/MYOB/frmMyobStatementOfAccount,Credit Control,Statement of Accounts
30/5/2024 2:08:38 PM,pmiii3qawudrfg2hw42keium,Weiengkhoo,https://portal.incorp.asia/myportal/MYOB/frmMyobStatementOfAccount,Credit Control,Statement of Accounts
30/5/2024 2:08:40 PM,pmiii3qawudrfg2hw42keium,Weiengkhoo,https://portal.incorp.asia/myportal/MYOB/frmMyobStatementOfAccount,Credit Control,Statement of Accounts
30/5/2024 2:08:40 PM,pmiii3qawudrfg2hw42keium,Weiengkhoo,https://portal.incorp.asia/myportal/MYOB/frmMyobStatementOfAccount,Credit Control,Statement of Accounts
30/5/2024 2:08:42 PM,pmiii3qawudrfg2hw42keium,Weiengkhoo,https://portal.incorp.asia/myportal/MYOB/frmMyobStatementOfAccount,Credit Control,Statement of Accounts
30/5/2024 2:08:43 PM,pmiii3qawudrfg2hw42keium,Weiengkhoo,https://portal.incorp.asia/myportal/MYOB/frmMyobStatementOfAccount,Credit Control,Statement of Accounts
30/5/2024 2:09:25 PM,pmiii3qawudrfg2hw42keium,Weiengkhoo,https://portal.incorp.asia/myportal/MYOB/frmMYOBSaleOrderRegister?sales_type=3&ScreenId=1,Accounting Module,Sales Order
30/5/2024 2:09:31 PM,pmiii3qawudrfg2hw42keium,Weiengkhoo,https://portal.incorp.asia/myportal/MYOB/frmMYOBSaleOrderRegister?sales_type=3&ScreenId=1,Accounting Module,Sales Order
30/5/2024 2:09:34 PM,pmiii3qawudrfg2hw42keium,Weiengkhoo,https://portal.incorp.asia/myportal/MYOB/frmMYOBSaleOrderRegister?sales_type=3&ScreenId=1,Accounting Module,Sales Order
30/5/2024 2:09:35 PM,pmiii3qawudrfg2hw42keium,Weiengkhoo,https://portal.incorp.asia/myportal/MYOB/frmMYOBSaleOrderRegister?sales_type=3&ScreenId=1,Accounting Module,Sales Order
30/5/2024 2:09:39 PM,pmiii3qawudrfg2hw42keium,Weiengkhoo,https://portal.incorp.asia/myportal/MYOB/frmMYOBSalesRegisterTransferedInvoice,Accounting Module,Transferred Invoice
30/5/2024 2:09:44 PM,pmiii3qawudrfg2hw42keium,Weiengkhoo,https://portal.incorp.asia/myportal/MYOB/frmMYOBSalesRegisterTransferedInvoice,Accounting Module,Transferred Invoice
30/5/2024 2:09:46 PM,pmiii3qawudrfg2hw42keium,Weiengkhoo,https://portal.incorp.asia/myportal/MYOB/frmMYOBSalesRegisterTransferedInvoice,Accounting Module,Transferred Invoice
30/5/2024 2:09:49 PM,pmiii3qawudrfg2hw42keium,Weiengkhoo,https://portal.incorp.asia/myportal/MYOB/frmMYOBSalesRegisterTransferedInvoice,Accounting Module,Transferred Invoice
30/5/2024 2:09:50 PM,pmiii3qawudrfg2hw42keium,Weiengkhoo,https://portal.incorp.asia/myportal/MYOB/frmMYOBSalesRegisterTransferedInvoice,Accounting Module,Transferred Invoice
30/5/2024 2:09:53 PM,pmiii3qawudrfg2hw42keium,Weiengkhoo,https://portal.incorp.asia/myportal/MYOB/frmMYOBSalesRegisterTransferedInvoice,Accounting Module,Transferred Invoice
30/5/2024 2:10:01 PM,pmiii3qawudrfg2hw42keium,Weiengkhoo,https://portal.incorp.asia/myportal/MYOB/frmMYOBSalesRegisterTransferedInvoice,Accounting Module,Transferred Invoice
30/5/2024 2:10:09 PM,pmiii3qawudrfg2hw42keium,Weiengkhoo,https://portal.incorp.asia/myportal/MYOB/frmMYOBSalesRegisterTransferedInvoice,Accounting Module,Transferred Invoice
30/5/2024 2:10:18 PM,pmiii3qawudrfg2hw42keium,Weiengkhoo,https://portal.incorp.asia/myportal/MYOB/frmMYOBSalesRegisterTransferedInvoice,Accounting Module,Transferred Invoice
30/5/2024 2:12:14 PM,pmiii3qawudrfg2hw42keium,Weiengkhoo,https://portal.incorp.asia/myportal/MYOB/frmMyobSalesRegister,Accounting Module,Sales Invoice
30/5/2024 2:12:18 PM,pmiii3qawudrfg2hw42keium,Weiengkhoo,https://portal.incorp.asia/myportal/MYOB/frmMyobSalesRegister,Accounting Module,Sales Invoice
30/5/2024 3:48:18 PM,pmiii3qawudrfg2hw42keium,Weiengkhoo,https://portal.incorp.asia/myportal/CompanyModule/frmCmpCompanyDirectory,Corporate Secretary,Company Details
30/5/2024 3:48:22 PM,pmiii3qawudrfg2hw42keium,Weiengkhoo,https://portal.incorp.asia/myportal/CompanyModule/frmCmpCompanyDirectory,Corporate Secretary,Company Details
30/5/2024 3:48:25 PM,pmiii3qawudrfg2hw42keium,Weiengkhoo,https://portal.incorp.asia/myportal/CompanyModule/frmCmpCompanyDirectory,Corporate Secretary,Company Details
30/5/2024 4:17:49 PM,pmiii3qawudrfg2hw42keium,Weiengkhoo,https://portal.incorp.asia/myportal/MYOB/frmMYOBSalesRegisterTransferedInvoice,Accounting Module,Transferred Invoice
30/5/2024 4:17:51 PM,pmiii3qawudrfg2hw42keium,Weiengkhoo,https://portal.incorp.asia/myportal/MYOB/frmMYOBSalesRegisterTransferedInvoice,Accounting Module,Transferred Invoice
30/5/2024 4:17:54 PM,pmiii3qawudrfg2hw42keium,Weiengkhoo,https://portal.incorp.asia/myportal/MYOB/frmMYOBSalesRegisterTransferedInvoice,Accounting Module,Transferred Invoice
30/5/2024 4:17:56 PM,pmiii3qawudrfg2hw42keium,Weiengkhoo,https://portal.incorp.asia/myportal/MYOB/frmMYOBSalesRegisterTransferedInvoice,Accounting Module,Transferred Invoice
30/5/2024 4:17:58 PM,pmiii3qawudrfg2hw42keium,Weiengkhoo,https://portal.incorp.asia/myportal/MYOB/frmMYOBSalesRegisterTransferedInvoice,Accounting Module,Transferred Invoice
30/5/2024 4:18:01 PM,pmiii3qawudrfg2hw42keium,Weiengkhoo,https://portal.incorp.asia/myportal/MYOB/frmMYOBSalesRegisterTransferedInvoice,Accounting Module,Transferred Invoice
30/5/2024 5:13:09 PM,pmiii3qawudrfg2hw42keium,Weiengkhoo,https://portal.incorp.asia/myportal/MYOB/frmMYOBSalesRegisterTransferedInvoice,Accounting Module,Transferred Invoice
30/5/2024 5:13:12 PM,pmiii3qawudrfg2hw42keium,Weiengkhoo,https://portal.incorp.asia/myportal/MYOB/frmMYOBSalesRegisterTransferedInvoice,Accounting Module,Transferred Invoice
30/5/2024 5:13:13 PM,pmiii3qawudrfg2hw42keium,Weiengkhoo,https://portal.incorp.asia/myportal/MYOB/frmMYOBSalesRegisterTransferedInvoice,Accounting Module,Transferred Invoice
30/5/2024 5:13:14 PM,pmiii3qawudrfg2hw42keium,Weiengkhoo,https://portal.incorp.asia/myportal/MYOB/frmMYOBSalesRegisterTransferedInvoice,Accounting Module,Transferred Invoice
30/5/2024 5:13:14 PM,pmiii3qawudrfg2hw42keium,Weiengkhoo,https://portal.incorp.asia/myportal/MYOB/frmMYOBSalesRegisterTransferedInvoice,Accounting Module,Transferred Invoice
30/5/2024 5:13:15 PM,pmiii3qawudrfg2hw42keium,Weiengkhoo,https://portal.incorp.asia/myportal/MYOB/frmMYOBSalesRegisterTransferedInvoice,Accounting Module,Transferred Invoice
30/5/2024 5:13:21 PM,pmiii3qawudrfg2hw42keium,Weiengkhoo,https://portal.incorp.asia/myportal/MYOB/frmMYOBSalesRegisterTransferedInvoice,Accounting Module,Transferred Invoice
30/5/2024 5:13:22 PM,pmiii3qawudrfg2hw42keium,Weiengkhoo,https://portal.incorp.asia/myportal/MYOB/frmMYOBSalesRegisterTransferedInvoice,Accounting Module,Transferred Invoice
30/5/2024 5:13:23 PM,pmiii3qawudrfg2hw42keium,Weiengkhoo,https://portal.incorp.asia/myportal/MYOB/frmMYOBSalesRegisterTransferedInvoice,Accounting Module,Transferred Invoice
30/5/2024 5:16:55 PM,pmiii3qawudrfg2hw42keium,Weiengkhoo,https://portal.incorp.asia/myportal/MYOB/frmMyobStatementOfAccount,Credit Control,Statement of Accounts
30/5/2024 5:16:58 PM,pmiii3qawudrfg2hw42keium,Weiengkhoo,https://portal.incorp.asia/myportal/MYOB/frmMyobStatementOfAccount,Credit Control,Statement of Accounts
30/5/2024 5:16:59 PM,pmiii3qawudrfg2hw42keium,Weiengkhoo,https://portal.incorp.asia/myportal/MYOB/frmMyobStatementOfAccount,Credit Control,Statement of Accounts
30/5/2024 5:17:00 PM,pmiii3qawudrfg2hw42keium,Weiengkhoo,https://portal.incorp.asia/myportal/MYOB/frmMyobStatementOfAccount,Credit Control,Statement of Accounts
30/5/2024 5:17:01 PM,pmiii3qawudrfg2hw42keium,Weiengkhoo,https://portal.incorp.asia/myportal/MYOB/frmMyobStatementOfAccount,Credit Control,Statement of Accounts
30/5/2024 5:17:07 PM,pmiii3qawudrfg2hw42keium,Weiengkhoo,https://portal.incorp.asia/myportal/MYOB/frmMyobStatementOfAccount,Credit Control,Statement of Accounts
30/5/2024 5:17:09 PM,pmiii3qawudrfg2hw42keium,Weiengkhoo,https://portal.incorp.asia/myportal/MYOB/frmMyobStatementOfAccount,Credit Control,Statement of Accounts
30/5/2024 5:17:14 PM,pmiii3qawudrfg2hw42keium,Weiengkhoo,https://portal.incorp.asia/myportal/MYOB/frmMyobStatementOfAccount,Credit Control,Statement of Accounts
30/5/2024 5:17:15 PM,pmiii3qawudrfg2hw42keium,Weiengkhoo,https://portal.incorp.asia/myportal/MYOB/frmMyobStatementOfAccount,Credit Control,Statement of Accounts
30/5/2024 5:17:17 PM,pmiii3qawudrfg2hw42keium,Weiengkhoo,https://portal.incorp.asia/myportal/MYOB/frmMyobStatementOfAccount,Credit Control,Statement of Accounts
30/5/2024 5:17:17 PM,pmiii3qawudrfg2hw42keium,Weiengkhoo,https://portal.incorp.asia/myportal/MYOB/frmMyobStatementOfAccount,Credit Control,Statement of Accounts
30/5/2024 5:17:29 PM,pmiii3qawudrfg2hw42keium,Weiengkhoo,https://portal.incorp.asia/myportal/MYOB/frmMyobStatementOfAccount,Credit Control,Statement of Accounts
30/5/2024 5:17:36 PM,pmiii3qawudrfg2hw42keium,Weiengkhoo,https://portal.incorp.asia/myportal/MYOB/frmMyobStatementOfAccount,Credit Control,Statement of Accounts
30/5/2024 5:17:38 PM,pmiii3qawudrfg2hw42keium,Weiengkhoo,https://portal.incorp.asia/myportal/MYOB/frmMyobStatementOfAccount,Credit Control,Statement of Accounts
30/5/2024 5:17:39 PM,pmiii3qawudrfg2hw42keium,Weiengkhoo,https://portal.incorp.asia/myportal/MYOB/frmMyobStatementOfAccount,Credit Control,Statement of Accounts
30/5/2024 5:17:46 PM,pmiii3qawudrfg2hw42keium,Weiengkhoo,https://portal.incorp.asia/myportal/MYOB/frmMyobStatementOfAccount,Credit Control,Statement of Accounts
30/5/2024 5:17:51 PM,pmiii3qawudrfg2hw42keium,Weiengkhoo,https://portal.incorp.asia/myportal/MYOB/frmMyobStatementOfAccount,Credit Control,Statement of Accounts
30/5/2024 5:17:52 PM,pmiii3qawudrfg2hw42keium,Weiengkhoo,https://portal.incorp.asia/myportal/MYOB/frmMyobStatementOfAccount,Credit Control,Statement of Accounts
30/5/2024 5:17:53 PM,pmiii3qawudrfg2hw42keium,Weiengkhoo,https://portal.incorp.asia/myportal/MYOB/frmMyobStatementOfAccount,Credit Control,Statement of Accounts
30/5/2024 5:17:54 PM,pmiii3qawudrfg2hw42keium,Weiengkhoo,https://portal.incorp.asia/myportal/MYOB/frmMyobStatementOfAccount,Credit Control,Statement of Accounts
30/5/2024 5:17:59 PM,pmiii3qawudrfg2hw42keium,Weiengkhoo,https://portal.incorp.asia/myportal/MYOB/frmMyobStatementOfAccount,Credit Control,Statement of Accounts
30/5/2024 5:18:04 PM,pmiii3qawudrfg2hw42keium,Weiengkhoo,https://portal.incorp.asia/myportal/MYOB/frmMyobStatementOfAccount,Credit Control,Statement of Accounts
30/5/2024 5:18:05 PM,pmiii3qawudrfg2hw42keium,Weiengkhoo,https://portal.incorp.asia/myportal/MYOB/frmMyobStatementOfAccount,Credit Control,Statement of Accounts
30/5/2024 5:18:06 PM,pmiii3qawudrfg2hw42keium,Weiengkhoo,https://portal.incorp.asia/myportal/MYOB/frmMyobStatementOfAccount,Credit Control,Statement of Accounts
30/5/2024 5:18:07 PM,pmiii3qawudrfg2hw42keium,Weiengkhoo,https://portal.incorp.asia/myportal/MYOB/frmMyobStatementOfAccount,Credit Control,Statement of Accounts
30/5/2024 5:18:11 PM,pmiii3qawudrfg2hw42keium,Weiengkhoo,https://portal.incorp.asia/myportal/MYOB/frmMyobStatementOfAccount,Credit Control,Statement of Accounts
31/5/2024 9:08:54 AM,haqiwa4kpyir21lhewtmng4y,Weiengkhoo,https://portal.incorp.asia/myportal/EmailHelpdesk/frmEhpdDashboardTickets,DashBoard,Dashboard
31/5/2024 9:09:07 AM,haqiwa4kpyir21lhewtmng4y,Weiengkhoo,https://portal.incorp.asia/myportal/EmailHelpdesk/frmEhpdDashboardTickets/GetStaffName,DashBoard,Dashboard
31/5/2024 10:01:43 AM,haqiwa4kpyir21lhewtmng4y,Weiengkhoo,https://portal.incorp.asia/myportal/EmailHelpdesk/frmEhpdDashboardTickets,DashBoard,Dashboard
31/5/2024 10:01:50 AM,haqiwa4kpyir21lhewtmng4y,Weiengkhoo,https://portal.incorp.asia/myportal/MYOB/frmMYOBRefundAdjustmentRegister,Accounting Module,Credit Note
31/5/2024 10:01:53 AM,haqiwa4kpyir21lhewtmng4y,Weiengkhoo,https://portal.incorp.asia/myportal/MYOB/frmMYOBRefundAdjustmentRegister,Accounting Module,Credit Note
31/5/2024 10:01:55 AM,haqiwa4kpyir21lhewtmng4y,Weiengkhoo,https://portal.incorp.asia/myportal/MYOB/frmMYOBRefundAdjustmentRegister,Accounting Module,Credit Note
31/5/2024 10:02:08 AM,haqiwa4kpyir21lhewtmng4y,Weiengkhoo,https://portal.incorp.asia/myportal/MYOB/frmMYOBRefundAdjustmentRegister,Accounting Module,Credit Note
31/5/2024 10:02:16 AM,haqiwa4kpyir21lhewtmng4y,Weiengkhoo,https://portal.incorp.asia/myportal/MYOB/frmMYOBRefundAdjustmentRegister,Accounting Module,Credit Note
31/5/2024 10:02:21 AM,haqiwa4kpyir21lhewtmng4y,Weiengkhoo,https://portal.incorp.asia/myportal/MYOB/frmMYOBRefundAdjustmentRegister,Accounting Module,Credit Note
31/5/2024 10:02:30 AM,haqiwa4kpyir21lhewtmng4y,Weiengkhoo,https://portal.incorp.asia/myportal/MYOB/frmMYOBRefundAdjustmentRegister,Accounting Module,Credit Note
31/5/2024 10:02:34 AM,haqiwa4kpyir21lhewtmng4y,Weiengkhoo,https://portal.incorp.asia/myportal/MYOB/frmMYOBRefundAdjustmentRegister,Accounting Module,Credit Note
31/5/2024 10:02:46 AM,haqiwa4kpyir21lhewtmng4y,Weiengkhoo,https://portal.incorp.asia/myportal/MYOB/frmMYOBRefundAdjustmentRegister,Accounting Module,Credit Note
31/5/2024 10:02:52 AM,haqiwa4kpyir21lhewtmng4y,Weiengkhoo,https://portal.incorp.asia/myportal/MYOB/frmMYOBRefundAdjustmentRegister,Accounting Module,Credit Note
31/5/2024 10:02:59 AM,haqiwa4kpyir21lhewtmng4y,Weiengkhoo,https://portal.incorp.asia/myportal/MYOB/frmMYOBRefundAdjustmentRegister,Accounting Module,Credit Note
31/5/2024 10:03:03 AM,haqiwa4kpyir21lhewtmng4y,Weiengkhoo,https://portal.incorp.asia/myportal/MYOB/frmMYOBRefundAdjustmentRegister,Accounting Module,Credit Note
31/5/2024 10:03:08 AM,haqiwa4kpyir21lhewtmng4y,Weiengkhoo,https://portal.incorp.asia/myportal/MYOB/frmMYOBRefundAdjustmentRegister,Accounting Module,Credit Note
31/5/2024 10:03:12 AM,haqiwa4kpyir21lhewtmng4y,Weiengkhoo,https://portal.incorp.asia/myportal/MYOB/frmMYOBRefundAdjustmentRegister,Accounting Module,Credit Note
31/5/2024 10:03:16 AM,haqiwa4kpyir21lhewtmng4y,Weiengkhoo,https://portal.incorp.asia/myportal/MYOB/frmMYOBRefundAdjustmentRegister,Accounting Module,Credit Note
31/5/2024 10:03:21 AM,haqiwa4kpyir21lhewtmng4y,Weiengkhoo,https://portal.incorp.asia/myportal/MYOB/frmMYOBRefundAdjustmentRegister,Accounting Module,Credit Note
31/5/2024 10:03:28 AM,haqiwa4kpyir21lhewtmng4y,Weiengkhoo,https://portal.incorp.asia/myportal/MYOB/frmMYOBRefundAdjustmentRegister,Accounting Module,Credit Note
31/5/2024 10:03:54 AM,haqiwa4kpyir21lhewtmng4y,Weiengkhoo,https://portal.incorp.asia/myportal/MYOB/frmMYOBRefundAdjustmentRegister,Accounting Module,Credit Note
31/5/2024 10:21:23 AM,haqiwa4kpyir21lhewtmng4y,Weiengkhoo,https://portal.incorp.asia/myportal/CompanyModule/frmCmpCompanyDirectory,Corporate Secretary,Company Details
31/5/2024 10:21:31 AM,haqiwa4kpyir21lhewtmng4y,Weiengkhoo,https://portal.incorp.asia/myportal/CompanyModule/frmCmpCompanyDirectory,Corporate Secretary,Company Details
31/5/2024 10:21:36 AM,haqiwa4kpyir21lhewtmng4y,Weiengkhoo,https://portal.incorp.asia/myportal/CompanyModule/frmCmpCompanyDirectory,Corporate Secretary,Company Details
31/5/2024 10:26:02 AM,haqiwa4kpyir21lhewtmng4y,Weiengkhoo,https://portal.incorp.asia/myportal/CRMModule/frmCRMMain,Corporate Secretary,CRM Module
31/5/2024 10:26:06 AM,haqiwa4kpyir21lhewtmng4y,Weiengkhoo,https://portal.incorp.asia/myportal/CompanyModule/frmCmpPersonDirectory,Corporate Secretary,ID Type Particulars
31/5/2024 10:26:10 AM,haqiwa4kpyir21lhewtmng4y,Weiengkhoo,https://portal.incorp.asia/myportal/CompanyModule/frmCmpPersonDirectory,Corporate Secretary,ID Type Particulars
31/5/2024 10:26:11 AM,haqiwa4kpyir21lhewtmng4y,Weiengkhoo,https://portal.incorp.asia/myportal/CompanyModule/frmCmpPersonDirectory,Corporate Secretary,ID Type Particulars
31/5/2024 10:26:14 AM,haqiwa4kpyir21lhewtmng4y,Weiengkhoo,https://portal.incorp.asia/myportal/CompanyModule/frmCmpPersonDirectory,Corporate Secretary,ID Type Particulars
31/5/2024 10:26:32 AM,haqiwa4kpyir21lhewtmng4y,Weiengkhoo,https://portal.incorp.asia/myportal/CompanyModule/frmCmpPersonDirectory,Corporate Secretary,ID Type Particulars
31/5/2024 10:26:40 AM,haqiwa4kpyir21lhewtmng4y,Weiengkhoo,https://portal.incorp.asia/myportal/CompanyModule/frmCmpPersonDirectory,Corporate Secretary,ID Type Particulars
31/5/2024 10:28:27 AM,haqiwa4kpyir21lhewtmng4y,Weiengkhoo,https://portal.incorp.asia/myportal/CompanyModule/frmCmpPersonDirectory,Corporate Secretary,ID Type Particulars
31/5/2024 10:28:32 AM,haqiwa4kpyir21lhewtmng4y,Weiengkhoo,https://portal.incorp.asia/myportal/CompanyModule/frmCmpPersonDirectory,Corporate Secretary,ID Type Particulars
31/5/2024 10:28:49 AM,haqiwa4kpyir21lhewtmng4y,Weiengkhoo,https://portal.incorp.asia/myportal/CompanyModule/frmCmpPersonDirectory,Corporate Secretary,ID Type Particulars
31/5/2024 10:29:11 AM,haqiwa4kpyir21lhewtmng4y,Weiengkhoo,https://portal.incorp.asia/myportal/CompanyModule/frmCmpPersonDirectory,Corporate Secretary,ID Type Particulars
31/5/2024 10:29:16 AM,haqiwa4kpyir21lhewtmng4y,Weiengkhoo,https://portal.incorp.asia/myportal/CompanyModule/frmCmpPersonDirectory,Corporate Secretary,ID Type Particulars
31/5/2024 10:29:20 AM,haqiwa4kpyir21lhewtmng4y,Weiengkhoo,https://portal.incorp.asia/myportal/CompanyModule/frmCmpPersonDirectory,Corporate Secretary,ID Type Particulars
31/5/2024 10:29:40 AM,haqiwa4kpyir21lhewtmng4y,Weiengkhoo,https://portal.incorp.asia/myportal/CompanyModule/frmCmpPersonDirectory,Corporate Secretary,ID Type Particulars
31/5/2024 10:29:48 AM,haqiwa4kpyir21lhewtmng4y,Weiengkhoo,https://portal.incorp.asia/myportal/CompanyModule/frmCmpPersonDirectory,Corporate Secretary,ID Type Particulars
31/5/2024 10:30:05 AM,haqiwa4kpyir21lhewtmng4y,Weiengkhoo,https://portal.incorp.asia/myportal/CompanyModule/frmCmpPersonDirectory,Corporate Secretary,ID Type Particulars
31/5/2024 10:30:12 AM,haqiwa4kpyir21lhewtmng4y,Weiengkhoo,https://portal.incorp.asia/myportal/CompanyModule/frmCmpPersonDirectory,Corporate Secretary,ID Type Particulars
31/5/2024 10:30:28 AM,haqiwa4kpyir21lhewtmng4y,Weiengkhoo,https://portal.incorp.asia/myportal/CompanyModule/frmCmpPersonDirectory,Corporate Secretary,ID Type Particulars
31/5/2024 10:30:34 AM,haqiwa4kpyir21lhewtmng4y,Weiengkhoo,https://portal.incorp.asia/myportal/CompanyModule/frmCmpPersonDirectory,Corporate Secretary,ID Type Particulars
31/5/2024 10:30:51 AM,haqiwa4kpyir21lhewtmng4y,Weiengkhoo,https://portal.incorp.asia/myportal/CompanyModule/frmCmpPersonDirectory,Corporate Secretary,ID Type Particulars
31/5/2024 10:31:00 AM,haqiwa4kpyir21lhewtmng4y,Weiengkhoo,https://portal.incorp.asia/myportal/CompanyModule/frmCmpPersonDirectory,Corporate Secretary,ID Type Particulars
31/5/2024 10:31:14 AM,haqiwa4kpyir21lhewtmng4y,Weiengkhoo,https://portal.incorp.asia/myportal/CompanyModule/frmCmpPersonDirectory,Corporate Secretary,ID Type Particulars
31/5/2024 10:31:20 AM,haqiwa4kpyir21lhewtmng4y,Weiengkhoo,https://portal.incorp.asia/myportal/CompanyModule/frmCmpPersonDirectory,Corporate Secretary,ID Type Particulars
31/5/2024 10:31:28 AM,haqiwa4kpyir21lhewtmng4y,Weiengkhoo,https://portal.incorp.asia/myportal/CompanyModule/frmCmpPersonDirectory,Corporate Secretary,ID Type Particulars
31/5/2024 10:31:51 AM,haqiwa4kpyir21lhewtmng4y,Weiengkhoo,https://portal.incorp.asia/myportal/CompanyModule/frmCmpPersonDirectory,Corporate Secretary,ID Type Particulars
31/5/2024 10:31:58 AM,haqiwa4kpyir21lhewtmng4y,Weiengkhoo,https://portal.incorp.asia/myportal/CompanyModule/frmCmpPersonDirectory,Corporate Secretary,ID Type Particulars
31/5/2024 10:32:10 AM,haqiwa4kpyir21lhewtmng4y,Weiengkhoo,https://portal.incorp.asia/myportal/CompanyModule/frmCmpPersonDirectory,Corporate Secretary,ID Type Particulars
31/5/2024 10:32:17 AM,haqiwa4kpyir21lhewtmng4y,Weiengkhoo,https://portal.incorp.asia/myportal/CompanyModule/frmCmpPersonDirectory,Corporate Secretary,ID Type Particulars
31/5/2024 10:32:41 AM,haqiwa4kpyir21lhewtmng4y,Weiengkhoo,https://portal.incorp.asia/myportal/CompanyModule/frmCmpPersonDirectory,Corporate Secretary,ID Type Particulars
31/5/2024 10:32:49 AM,haqiwa4kpyir21lhewtmng4y,Weiengkhoo,https://portal.incorp.asia/myportal/CompanyModule/frmCmpPersonDirectory,Corporate Secretary,ID Type Particulars
31/5/2024 10:32:56 AM,haqiwa4kpyir21lhewtmng4y,Weiengkhoo,https://portal.incorp.asia/myportal/CompanyModule/frmCmpPersonDirectory,Corporate Secretary,ID Type Particulars
31/5/2024 10:33:04 AM,haqiwa4kpyir21lhewtmng4y,Weiengkhoo,https://portal.incorp.asia/myportal/CompanyModule/frmCmpPersonDirectory,Corporate Secretary,ID Type Particulars
31/5/2024 10:33:11 AM,haqiwa4kpyir21lhewtmng4y,Weiengkhoo,https://portal.incorp.asia/myportal/CompanyModule/frmCmpPersonDirectory,Corporate Secretary,ID Type Particulars
31/5/2024 10:33:18 AM,haqiwa4kpyir21lhewtmng4y,Weiengkhoo,https://portal.incorp.asia/myportal/CompanyModule/frmCmpPersonDirectory,Corporate Secretary,ID Type Particulars
31/5/2024 10:33:26 AM,haqiwa4kpyir21lhewtmng4y,Weiengkhoo,https://portal.incorp.asia/myportal/CompanyModule/frmCmpPersonDirectory,Corporate Secretary,ID Type Particulars
31/5/2024 10:33:34 AM,haqiwa4kpyir21lhewtmng4y,Weiengkhoo,https://portal.incorp.asia/myportal/CompanyModule/frmCmpPersonDirectory,Corporate Secretary,ID Type Particulars
31/5/2024 10:33:48 AM,haqiwa4kpyir21lhewtmng4y,Weiengkhoo,https://portal.incorp.asia/myportal/CompanyModule/frmCmpPersonDirectory,Corporate Secretary,ID Type Particulars
31/5/2024 10:33:53 AM,haqiwa4kpyir21lhewtmng4y,Weiengkhoo,https://portal.incorp.asia/myportal/CompanyModule/frmCmpPersonDirectory,Corporate Secretary,ID Type Particulars
31/5/2024 10:34:02 AM,haqiwa4kpyir21lhewtmng4y,Weiengkhoo,https://portal.incorp.asia/myportal/CompanyModule/frmCmpPersonDirectory,Corporate Secretary,ID Type Particulars
31/5/2024 10:34:21 AM,haqiwa4kpyir21lhewtmng4y,Weiengkhoo,https://portal.incorp.asia/myportal/CompanyModule/frmCmpPersonDirectory,Corporate Secretary,ID Type Particulars
31/5/2024 10:34:31 AM,haqiwa4kpyir21lhewtmng4y,Weiengkhoo,https://portal.incorp.asia/myportal/CompanyModule/frmCmpPersonDirectory,Corporate Secretary,ID Type Particulars
31/5/2024 10:34:35 AM,haqiwa4kpyir21lhewtmng4y,Weiengkhoo,https://portal.incorp.asia/myportal/CompanyModule/frmCmpPersonDirectory,Corporate Secretary,ID Type Particulars
31/5/2024 10:34:43 AM,haqiwa4kpyir21lhewtmng4y,Weiengkhoo,https://portal.incorp.asia/myportal/CompanyModule/frmCmpPersonDirectory,Corporate Secretary,ID Type Particulars
31/5/2024 10:34:52 AM,haqiwa4kpyir21lhewtmng4y,Weiengkhoo,https://portal.incorp.asia/myportal/CompanyModule/frmCmpCompanyDirectory,Corporate Secretary,Company Details
10/6/2024 9:20:33 AM,5lyuyef1zgyrvmbbs53arlov,Weiengkhoo,https://portal.incorp.asia/myportal/EmailHelpdesk/frmEhpdDashboardTickets,DashBoard,Dashboard
10/6/2024 9:20:40 AM,5lyuyef1zgyrvmbbs53arlov,Weiengkhoo,https://portal.incorp.asia/myportal/EmailHelpdesk/frmEhpdDashboardTickets/GetStaffName,DashBoard,Dashboard
10/6/2024 9:26:15 AM,5lyuyef1zgyrvmbbs53arlov,Weiengkhoo,https://portal.incorp.asia/myportal/MYOB/frmMYOBSalesRegisterTransferedInvoice,Accounting Module,Transferred Invoice
10/6/2024 9:26:23 AM,5lyuyef1zgyrvmbbs53arlov,Weiengkhoo,https://portal.incorp.asia/myportal/CompanyModule/frmCmpCompanyDirectory,Corporate Secretary,Company Details
10/6/2024 11:12:52 AM,5lyuyef1zgyrvmbbs53arlov,Weiengkhoo,https://portal.incorp.asia/myportal/EmailHelpdesk/frmEhpdScheduler,Knowledge Base,Calendar
10/6/2024 11:12:54 AM,5lyuyef1zgyrvmbbs53arlov,Weiengkhoo,https://portal.incorp.asia/myportal/EmailHelpdesk/frmEhpdScheduler,Knowledge Base,Calendar
10/6/2024 11:13:19 AM,5lyuyef1zgyrvmbbs53arlov,Weiengkhoo,https://portal.incorp.asia/myportal/EmailHelpdesk/frmEhpdScheduler,Knowledge Base,Calendar
10/6/2024 11:13:25 AM,5lyuyef1zgyrvmbbs53arlov,Weiengkhoo,https://portal.incorp.asia/myportal/EmailHelpdesk/frmEhpdScheduler,Knowledge Base,Calendar
10/6/2024 11:13:31 AM,5lyuyef1zgyrvmbbs53arlov,Weiengkhoo,https://portal.incorp.asia/myportal/EmailHelpdesk/frmEhpdScheduler,Knowledge Base,Calendar
10/6/2024 11:13:39 AM,5lyuyef1zgyrvmbbs53arlov,Weiengkhoo,https://portal.incorp.asia/myportal/EmailHelpdesk/frmEhpdScheduler,Knowledge Base,Calendar
10/6/2024 11:13:46 AM,5lyuyef1zgyrvmbbs53arlov,Weiengkhoo,https://portal.incorp.asia/myportal/EmailHelpdesk/frmEhpdScheduler?RowId=38386&action=A,Knowledge Base,Calendar
10/6/2024 11:14:24 AM,5lyuyef1zgyrvmbbs53arlov,Weiengkhoo,https://portal.incorp.asia/myportal/IncomingReceipts/frmINCIncomingChequeRegister?MYOBIncomingCategoryId=1,Credit Control,Incoming Receipts
10/6/2024 11:47:37 AM,5lyuyef1zgyrvmbbs53arlov,Weiengkhoo,https://portal.incorp.asia/myportal/CRMModule/frmCRMMain,Corporate Secretary,CRM Module
10/6/2024 11:47:40 AM,5lyuyef1zgyrvmbbs53arlov,Weiengkhoo,https://portal.incorp.asia/myportal/CRMModule/frmCRMMain,Corporate Secretary,CRM Module
10/6/2024 11:47:41 AM,5lyuyef1zgyrvmbbs53arlov,Weiengkhoo,https://portal.incorp.asia/myportal/CRMModule/frmCRMMain,Corporate Secretary,CRM Module
10/6/2024 11:47:42 AM,5lyuyef1zgyrvmbbs53arlov,Weiengkhoo,https://portal.incorp.asia/myportal/CRMModule/frmCRMMain,Corporate Secretary,CRM Module
10/6/2024 11:47:43 AM,5lyuyef1zgyrvmbbs53arlov,Weiengkhoo,https://portal.incorp.asia/myportal/CRMModule/frmCRMMain,Corporate Secretary,CRM Module
10/6/2024 1:38:07 PM,5lyuyef1zgyrvmbbs53arlov,Weiengkhoo,https://portal.incorp.asia/myportal/CRMModule/frmCRMMain,Corporate Secretary,CRM Module
10/6/2024 1:38:09 PM,5lyuyef1zgyrvmbbs53arlov,Weiengkhoo,https://portal.incorp.asia/myportal/CRMModule/frmCRMMain,Corporate Secretary,CRM Module
10/6/2024 1:38:11 PM,5lyuyef1zgyrvmbbs53arlov,Weiengkhoo,https://portal.incorp.asia/myportal/CRMModule/frmCRMMain,Corporate Secretary,CRM Module
10/6/2024 1:38:12 PM,5lyuyef1zgyrvmbbs53arlov,Weiengkhoo,https://portal.incorp.asia/myportal/CRMModule/frmCRMMain,Corporate Secretary,CRM Module
10/6/2024 1:39:30 PM,5lyuyef1zgyrvmbbs53arlov,Weiengkhoo,https://portal.incorp.asia/myportal/MYOB/frmMYOBSalesRegisterTransferedInvoice,Accounting Module,Transferred Invoice
10/6/2024 1:39:33 PM,5lyuyef1zgyrvmbbs53arlov,Weiengkhoo,https://portal.incorp.asia/myportal/MYOB/frmMYOBSalesRegisterTransferedInvoice,Accounting Module,Transferred Invoice
10/6/2024 1:39:34 PM,5lyuyef1zgyrvmbbs53arlov,Weiengkhoo,https://portal.incorp.asia/myportal/MYOB/frmMYOBSalesRegisterTransferedInvoice,Accounting Module,Transferred Invoice
10/6/2024 1:39:35 PM,5lyuyef1zgyrvmbbs53arlov,Weiengkhoo,https://portal.incorp.asia/myportal/MYOB/frmMYOBSalesRegisterTransferedInvoice,Accounting Module,Transferred Invoice
10/6/2024 1:39:37 PM,5lyuyef1zgyrvmbbs53arlov,Weiengkhoo,https://portal.incorp.asia/myportal/MYOB/frmMYOBSalesRegisterTransferedInvoice,Accounting Module,Transferred Invoice
10/6/2024 1:39:42 PM,5lyuyef1zgyrvmbbs53arlov,Weiengkhoo,https://portal.incorp.asia/myportal/MYOB/frmMYOBSalesRegisterTransferedInvoice,Accounting Module,Transferred Invoice
10/6/2024 1:39:47 PM,5lyuyef1zgyrvmbbs53arlov,Weiengkhoo,https://portal.incorp.asia/myportal/MYOB/frmMYOBSalesRegisterTransferedInvoice,Accounting Module,Transferred Invoice
10/6/2024 1:39:49 PM,5lyuyef1zgyrvmbbs53arlov,Weiengkhoo,https://portal.incorp.asia/myportal/MYOB/frmMYOBSalesRegisterTransferedInvoice,Accounting Module,Transferred Invoice
10/6/2024 1:39:52 PM,5lyuyef1zgyrvmbbs53arlov,Weiengkhoo,https://portal.incorp.asia/myportal/MYOB/frmMYOBSalesRegisterTransferedInvoice,Accounting Module,Transferred Invoice
10/6/2024 1:40:00 PM,5lyuyef1zgyrvmbbs53arlov,Weiengkhoo,https://portal.incorp.asia/myportal/MYOB/frmMYOBSalesRegisterTransferedInvoice,Accounting Module,Transferred Invoice
10/6/2024 1:41:22 PM,5lyuyef1zgyrvmbbs53arlov,Weiengkhoo,https://portal.incorp.asia/myportal/MYOB/frmMyobSalesRegister,Accounting Module,Sales Invoice
10/6/2024 1:41:29 PM,5lyuyef1zgyrvmbbs53arlov,Weiengkhoo,https://portal.incorp.asia/myportal/MYOB/frmMyobSalesRegister,Accounting Module,Sales Invoice
10/6/2024 1:44:30 PM,5lyuyef1zgyrvmbbs53arlov,Weiengkhoo,https://portal.incorp.asia/myportal/MYOB/frmMyobSalesRegister,Accounting Module,Sales Invoice
10/6/2024 1:44:39 PM,5lyuyef1zgyrvmbbs53arlov,Weiengkhoo,https://portal.incorp.asia/myportal/MYOB/frmMyobSalesRegister,Accounting Module,Sales Invoice
10/6/2024 1:44:43 PM,5lyuyef1zgyrvmbbs53arlov,Weiengkhoo,https://portal.incorp.asia/myportal/MYOB/frmMyobSalesRegister,Accounting Module,Sales Invoice
10/6/2024 1:45:10 PM,5lyuyef1zgyrvmbbs53arlov,Weiengkhoo,https://portal.incorp.asia/myportal/MYOB/frmMyobSalesRegister,Accounting Module,Sales Invoice
10/6/2024 1:45:14 PM,5lyuyef1zgyrvmbbs53arlov,Weiengkhoo,https://portal.incorp.asia/myportal/MYOB/frmMyobSalesRegister,Accounting Module,Sales Invoice
10/6/2024 1:45:15 PM,5lyuyef1zgyrvmbbs53arlov,Weiengkhoo,https://portal.incorp.asia/myportal/MYOB/frmMyobSalesRegister,Accounting Module,Sales Invoice
10/6/2024 1:56:48 PM,5lyuyef1zgyrvmbbs53arlov,Weiengkhoo,https://portal.incorp.asia/myportal/MYOB/frmMYOBSaleOrderRegister?sales_type=3&ScreenId=1,Accounting Module,Sales Order
10/6/2024 1:56:53 PM,5lyuyef1zgyrvmbbs53arlov,Weiengkhoo,https://portal.incorp.asia/myportal/MYOB/frmMYOBSaleOrderRegister?sales_type=3&ScreenId=1,Accounting Module,Sales Order
10/6/2024 1:56:54 PM,5lyuyef1zgyrvmbbs53arlov,Weiengkhoo,https://portal.incorp.asia/myportal/MYOB/frmMYOBSaleOrderRegister?sales_type=3&ScreenId=1,Accounting Module,Sales Order
10/6/2024 1:56:56 PM,5lyuyef1zgyrvmbbs53arlov,Weiengkhoo,https://portal.incorp.asia/myportal/MYOB/frmMYOBSaleOrderRegister?sales_type=3&ScreenId=1,Accounting Module,Sales Order
10/6/2024 1:57:01 PM,5lyuyef1zgyrvmbbs53arlov,Weiengkhoo,https://portal.incorp.asia/myportal/MYOB/frmMYOBSaleOrderRegister?sales_type=3&ScreenId=1,Accounting Module,Sales Order
10/6/2024 1:57:10 PM,5lyuyef1zgyrvmbbs53arlov,Weiengkhoo,https://portal.incorp.asia/myportal/MYOB/frmMYOBSaleOrderRegister,Accounting Module,Sales Order
10/6/2024 1:57:15 PM,5lyuyef1zgyrvmbbs53arlov,Weiengkhoo,https://portal.incorp.asia/myportal/MYOB/frmMYOBSaleOrderRegister,Accounting Module,Sales Order
10/6/2024 1:57:27 PM,5lyuyef1zgyrvmbbs53arlov,Weiengkhoo,https://portal.incorp.asia/myportal/MYOB/frmMyobSalesRegister,Accounting Module,Sales Invoice
10/6/2024 1:57:31 PM,5lyuyef1zgyrvmbbs53arlov,Weiengkhoo,https://portal.incorp.asia/myportal/MYOB/frmMyobSalesRegister,Accounting Module,Sales Invoice
10/6/2024 2:01:29 PM,5lyuyef1zgyrvmbbs53arlov,Weiengkhoo,https://portal.incorp.asia/myportal/MYOB/frmMyobStatementOfAccount,Credit Control,Statement of Accounts
10/6/2024 2:01:33 PM,5lyuyef1zgyrvmbbs53arlov,Weiengkhoo,https://portal.incorp.asia/myportal/MYOB/frmMyobStatementOfAccount,Credit Control,Statement of Accounts
10/6/2024 2:01:34 PM,5lyuyef1zgyrvmbbs53arlov,Weiengkhoo,https://portal.incorp.asia/myportal/MYOB/frmMyobStatementOfAccount,Credit Control,Statement of Accounts
10/6/2024 2:01:36 PM,5lyuyef1zgyrvmbbs53arlov,Weiengkhoo,https://portal.incorp.asia/myportal/MYOB/frmMyobStatementOfAccount,Credit Control,Statement of Accounts
10/6/2024 2:01:37 PM,5lyuyef1zgyrvmbbs53arlov,Weiengkhoo,https://portal.incorp.asia/myportal/MYOB/frmMyobStatementOfAccount,Credit Control,Statement of Accounts
10/6/2024 2:01:38 PM,5lyuyef1zgyrvmbbs53arlov,Weiengkhoo,https://portal.incorp.asia/myportal/MYOB/frmMyobStatementOfAccount,Credit Control,Statement of Accounts
10/6/2024 2:22:20 PM,5lyuyef1zgyrvmbbs53arlov,Weiengkhoo,https://portal.incorp.asia/myportal/CRMModule/frmCRMMain,Corporate Secretary,CRM Module
10/6/2024 2:22:29 PM,5lyuyef1zgyrvmbbs53arlov,Weiengkhoo,https://portal.incorp.asia/myportal/CRMModule/frmCRMMain,Corporate Secretary,CRM Module
10/6/2024 2:22:32 PM,5lyuyef1zgyrvmbbs53arlov,Weiengkhoo,https://portal.incorp.asia/myportal/CRMModule/frmCRMMain,Corporate Secretary,CRM Module
10/6/2024 2:22:35 PM,5lyuyef1zgyrvmbbs53arlov,Weiengkhoo,https://portal.incorp.asia/myportal/CRMModule/frmCRMMain,Corporate Secretary,CRM Module
10/6/2024 2:30:41 PM,5lyuyef1zgyrvmbbs53arlov,Weiengkhoo,https://portal.incorp.asia/myportal/CompanyModule/frmCmpCompanyDirectory,Corporate Secretary,Company Details
10/6/2024 2:30:48 PM,5lyuyef1zgyrvmbbs53arlov,Weiengkhoo,https://portal.incorp.asia/myportal/CompanyModule/frmCmpCompanyDirectory,Corporate Secretary,Company Details
10/6/2024 3:16:37 PM,5lyuyef1zgyrvmbbs53arlov,Weiengkhoo,https://portal.incorp.asia/myportal/EmailHelpdesk/frmEhpdScheduler,Knowledge Base,Calendar
10/6/2024 3:16:42 PM,5lyuyef1zgyrvmbbs53arlov,Weiengkhoo,https://portal.incorp.asia/myportal/Leave/LeaveCalendar,Leave Management,Leave Calendar
10/6/2024 3:17:05 PM,5lyuyef1zgyrvmbbs53arlov,Weiengkhoo,https://portal.incorp.asia/myportal/Leave/LeaveCalendar,Leave Management,Leave Calendar
10/6/2024 3:17:08 PM,5lyuyef1zgyrvmbbs53arlov,Weiengkhoo,https://portal.incorp.asia/myportal/Leave/LeaveCalendar,Leave Management,Leave Calendar
10/6/2024 3:17:32 PM,5lyuyef1zgyrvmbbs53arlov,Weiengkhoo,https://portal.incorp.asia/myportal/Leave/LeaveCalendar,Leave Management,Leave Calendar
10/6/2024 3:17:39 PM,5lyuyef1zgyrvmbbs53arlov,Weiengkhoo,https://portal.incorp.asia/myportal/Leave/LeaveCalendar,Leave Management,Leave Calendar
10/6/2024 3:17:42 PM,5lyuyef1zgyrvmbbs53arlov,Weiengkhoo,https://portal.incorp.asia/myportal/Leave/LeaveCalendar,Leave Management,Leave Calendar
10/6/2024 3:17:51 PM,5lyuyef1zgyrvmbbs53arlov,Weiengkhoo,https://portal.incorp.asia/myportal/CompanyModule/frmCmpCompanyDirectory,Corporate Secretary,Company Details
10/6/2024 3:19:59 PM,5lyuyef1zgyrvmbbs53arlov,Weiengkhoo,https://portal.incorp.asia/myportal/MYOB/frmMYOBSalesRegisterTransferedInvoice,Accounting Module,Transferred Invoice
10/6/2024 3:20:04 PM,5lyuyef1zgyrvmbbs53arlov,Weiengkhoo,https://portal.incorp.asia/myportal/MYOB/frmMYOBSalesRegisterTransferedInvoice,Accounting Module,Transferred Invoice
10/6/2024 3:20:06 PM,5lyuyef1zgyrvmbbs53arlov,Weiengkhoo,https://portal.incorp.asia/myportal/MYOB/frmMYOBSalesRegisterTransferedInvoice,Accounting Module,Transferred Invoice
10/6/2024 3:20:08 PM,5lyuyef1zgyrvmbbs53arlov,Weiengkhoo,https://portal.incorp.asia/myportal/MYOB/frmMYOBSalesRegisterTransferedInvoice,Accounting Module,Transferred Invoice
10/6/2024 3:20:09 PM,5lyuyef1zgyrvmbbs53arlov,Weiengkhoo,https://portal.incorp.asia/myportal/MYOB/frmMYOBSalesRegisterTransferedInvoice,Accounting Module,Transferred Invoice
10/6/2024 3:20:09 PM,5lyuyef1zgyrvmbbs53arlov,Weiengkhoo,https://portal.incorp.asia/myportal/MYOB/frmMYOBSalesRegisterTransferedInvoice,Accounting Module,Transferred Invoice
10/6/2024 3:20:12 PM,5lyuyef1zgyrvmbbs53arlov,Weiengkhoo,https://portal.incorp.asia/myportal/MYOB/frmMYOBSalesRegisterTransferedInvoice,Accounting Module,Transferred Invoice
10/6/2024 3:20:14 PM,5lyuyef1zgyrvmbbs53arlov,Weiengkhoo,https://portal.incorp.asia/myportal/MYOB/frmMYOBSalesRegisterTransferedInvoice,Accounting Module,Transferred Invoice
10/6/2024 3:20:18 PM,5lyuyef1zgyrvmbbs53arlov,Weiengkhoo,https://portal.incorp.asia/myportal/MYOB/frmMYOBSalesRegisterTransferedInvoice,Accounting Module,Transferred Invoice
10/6/2024 3:20:19 PM,5lyuyef1zgyrvmbbs53arlov,Weiengkhoo,https://portal.incorp.asia/myportal/MYOB/frmMYOBSalesRegisterTransferedInvoice,Accounting Module,Transferred Invoice
10/6/2024 3:20:22 PM,5lyuyef1zgyrvmbbs53arlov,Weiengkhoo,https://portal.incorp.asia/myportal/MYOB/frmMYOBSalesRegisterTransferedInvoice,Accounting Module,Transferred Invoice
10/6/2024 3:20:24 PM,5lyuyef1zgyrvmbbs53arlov,Weiengkhoo,https://portal.incorp.asia/myportal/MYOB/frmMYOBSalesRegisterTransferedInvoice,Accounting Module,Transferred Invoice
10/6/2024 3:20:25 PM,5lyuyef1zgyrvmbbs53arlov,Weiengkhoo,https://portal.incorp.asia/myportal/MYOB/frmMYOBSalesRegisterTransferedInvoice,Accounting Module,Transferred Invoice
10/6/2024 3:20:27 PM,5lyuyef1zgyrvmbbs53arlov,Weiengkhoo,https://portal.incorp.asia/myportal/MYOB/frmMYOBSalesRegisterTransferedInvoice,Accounting Module,Transferred Invoice
10/6/2024 3:20:29 PM,5lyuyef1zgyrvmbbs53arlov,Weiengkhoo,https://portal.incorp.asia/myportal/MYOB/frmMYOBSalesRegisterTransferedInvoice,Accounting Module,Transferred Invoice
10/6/2024 3:20:30 PM,5lyuyef1zgyrvmbbs53arlov,Weiengkhoo,https://portal.incorp.asia/myportal/MYOB/frmMYOBSalesRegisterTransferedInvoice,Accounting Module,Transferred Invoice
10/6/2024 3:31:02 PM,5lyuyef1zgyrvmbbs53arlov,Weiengkhoo,https://portal.incorp.asia/myportal/CRMModule/frmCRMMain,Corporate Secretary,CRM Module
10/6/2024 3:44:28 PM,5lyuyef1zgyrvmbbs53arlov,Weiengkhoo,https://portal.incorp.asia/myportal/CRMModule/frmCRMMain,Corporate Secretary,CRM Module
10/6/2024 3:44:31 PM,5lyuyef1zgyrvmbbs53arlov,Weiengkhoo,https://portal.incorp.asia/myportal/CRMModule/frmCRMMain,Corporate Secretary,CRM Module
10/6/2024 3:44:33 PM,5lyuyef1zgyrvmbbs53arlov,Weiengkhoo,https://portal.incorp.asia/myportal/CRMModule/frmCRMMain,Corporate Secretary,CRM Module
10/6/2024 3:44:35 PM,5lyuyef1zgyrvmbbs53arlov,Weiengkhoo,https://portal.incorp.asia/myportal/CRMModule/frmCRMMain,Corporate Secretary,CRM Module
10/6/2024 3:44:36 PM,5lyuyef1zgyrvmbbs53arlov,Weiengkhoo,https://portal.incorp.asia/myportal/CRMModule/frmCRMMain,Corporate Secretary,CRM Module
10/6/2024 3:44:37 PM,5lyuyef1zgyrvmbbs53arlov,Weiengkhoo,https://portal.incorp.asia/myportal/CRMModule/frmCRMMain,Corporate Secretary,CRM Module
10/6/2024 3:44:38 PM,5lyuyef1zgyrvmbbs53arlov,Weiengkhoo,https://portal.incorp.asia/myportal/CompanyModule/frmCmpCompanyDirectory,Corporate Secretary,Company Details
10/6/2024 3:44:42 PM,5lyuyef1zgyrvmbbs53arlov,Weiengkhoo,https://portal.incorp.asia/myportal/CompanyModule/frmCmpCompanyDirectory,Corporate Secretary,Company Details
10/6/2024 3:57:22 PM,5lyuyef1zgyrvmbbs53arlov,Weiengkhoo,https://portal.incorp.asia/myportal/CompanyModule/frmCmpCompanyDirectory,Corporate Secretary,Company Details
10/6/2024 3:57:25 PM,5lyuyef1zgyrvmbbs53arlov,Weiengkhoo,https://portal.incorp.asia/myportal/CompanyModule/frmCmpCompanyDirectory,Corporate Secretary,Company Details
10/6/2024 3:57:28 PM,5lyuyef1zgyrvmbbs53arlov,Weiengkhoo,https://portal.incorp.asia/myportal/CompanyModule/frmCmpCompanyDirectory,Corporate Secretary,Company Details
10/6/2024 3:57:41 PM,5lyuyef1zgyrvmbbs53arlov,Weiengkhoo,https://portal.incorp.asia/myportal/CompanyModule/frmCmpCompanyDirectory,Corporate Secretary,Company Details
11/6/2024 9:27:05 AM,t5vdgx1yq2mo4edqzb4zwwu5,Weiengkhoo,https://portal.incorp.asia/myportal/EmailHelpdesk/frmEhpdDashboardTickets,DashBoard,Dashboard
11/6/2024 9:27:12 AM,t5vdgx1yq2mo4edqzb4zwwu5,Weiengkhoo,https://portal.incorp.asia/myportal/EmailHelpdesk/frmEhpdDashboardTickets/GetStaffName,DashBoard,Dashboard
11/6/2024 9:32:52 AM,t5vdgx1yq2mo4edqzb4zwwu5,Weiengkhoo,https://portal.incorp.asia/myportal/CompanyModule/frmCmpCompanyDirectory,Corporate Secretary,Company Details
11/6/2024 9:44:31 AM,t5vdgx1yq2mo4edqzb4zwwu5,Weiengkhoo,https://portal.incorp.asia/myportal/CompanyModule/frmCmpCompanyDirectory,Corporate Secretary,Company Details
11/6/2024 9:45:25 AM,t5vdgx1yq2mo4edqzb4zwwu5,Weiengkhoo,https://portal.incorp.asia/myportal/CompanyModule/frmCmpCompanyDirectory,Corporate Secretary,Company Details
11/6/2024 10:26:28 AM,t5vdgx1yq2mo4edqzb4zwwu5,Weiengkhoo,https://portal.incorp.asia/myportal/CompanyModule/frmCmpCompanyDirectory,Corporate Secretary,Company Details
11/6/2024 1:40:46 PM,t5vdgx1yq2mo4edqzb4zwwu5,Weiengkhoo,https://portal.incorp.asia/myportal/CompanyModule/frmCmpCompanyDirectory,Corporate Secretary,Company Details
11/6/2024 1:43:10 PM,t5vdgx1yq2mo4edqzb4zwwu5,Weiengkhoo,https://portal.incorp.asia/myportal/CompanyModule/frmCmpCompanyDirectory,Corporate Secretary,Company Details
11/6/2024 1:43:15 PM,t5vdgx1yq2mo4edqzb4zwwu5,Weiengkhoo,https://portal.incorp.asia/myportal/CompanyModule/frmCmpCompanyDirectory,Corporate Secretary,Company Details
11/6/2024 1:43:21 PM,t5vdgx1yq2mo4edqzb4zwwu5,Weiengkhoo,https://portal.incorp.asia/myportal/CompanyModule/frmCmpCompanyDirectory,Corporate Secretary,Company Details
11/6/2024 1:43:27 PM,t5vdgx1yq2mo4edqzb4zwwu5,Weiengkhoo,https://portal.incorp.asia/myportal/CompanyModule/frmCmpCompanyDirectory,Corporate Secretary,Company Details
11/6/2024 1:43:31 PM,t5vdgx1yq2mo4edqzb4zwwu5,Weiengkhoo,https://portal.incorp.asia/myportal/CompanyModule/frmCmpCompanyDirectory,Corporate Secretary,Company Details
11/6/2024 1:43:37 PM,t5vdgx1yq2mo4edqzb4zwwu5,Weiengkhoo,https://portal.incorp.asia/myportal/CompanyModule/frmCmpCompanyDirectory,Corporate Secretary,Company Details
11/6/2024 1:43:42 PM,t5vdgx1yq2mo4edqzb4zwwu5,Weiengkhoo,https://portal.incorp.asia/myportal/CompanyModule/frmCmpCompanyDirectory,Corporate Secretary,Company Details
11/6/2024 1:43:58 PM,t5vdgx1yq2mo4edqzb4zwwu5,Weiengkhoo,https://portal.incorp.asia/myportal/CompanyModule/frmCmpCompanyDirectory,Corporate Secretary,Company Details
11/6/2024 1:44:03 PM,t5vdgx1yq2mo4edqzb4zwwu5,Weiengkhoo,https://portal.incorp.asia/myportal/CompanyModule/frmCmpCompanyDirectory,Corporate Secretary,Company Details
11/6/2024 1:52:36 PM,t5vdgx1yq2mo4edqzb4zwwu5,Weiengkhoo,https://portal.incorp.asia/myportal/CompanyModule/frmCmpPersonDirectory,Corporate Secretary,ID Type Particulars
11/6/2024 1:52:37 PM,t5vdgx1yq2mo4edqzb4zwwu5,Weiengkhoo,https://portal.incorp.asia/myportal/CRMModule/frmCRMMain,Corporate Secretary,CRM Module
11/6/2024 1:52:40 PM,t5vdgx1yq2mo4edqzb4zwwu5,Weiengkhoo,https://portal.incorp.asia/myportal/CRMModule/frmCRMMain,Corporate Secretary,CRM Module
11/6/2024 1:52:41 PM,t5vdgx1yq2mo4edqzb4zwwu5,Weiengkhoo,https://portal.incorp.asia/myportal/CRMModule/frmCRMMain,Corporate Secretary,CRM Module
11/6/2024 1:52:43 PM,t5vdgx1yq2mo4edqzb4zwwu5,Weiengkhoo,https://portal.incorp.asia/myportal/CRMModule/frmCRMMain,Corporate Secretary,CRM Module
11/6/2024 1:53:01 PM,t5vdgx1yq2mo4edqzb4zwwu5,Weiengkhoo,https://portal.incorp.asia/myportal/CRMModule/frmCRMMain,Corporate Secretary,CRM Module
11/6/2024 1:54:15 PM,t5vdgx1yq2mo4edqzb4zwwu5,Weiengkhoo,https://portal.incorp.asia/myportal/CRMModule/frmCRMMain,Corporate Secretary,CRM Module
11/6/2024 1:55:39 PM,t5vdgx1yq2mo4edqzb4zwwu5,Weiengkhoo,https://portal.incorp.asia/myportal/CRMModule/frmCRMMain,Corporate Secretary,CRM Module
11/6/2024 1:56:01 PM,t5vdgx1yq2mo4edqzb4zwwu5,Weiengkhoo,https://portal.incorp.asia/myportal/CRMModule/frmCRMMain,Corporate Secretary,CRM Module
11/6/2024 1:56:03 PM,t5vdgx1yq2mo4edqzb4zwwu5,Weiengkhoo,https://portal.incorp.asia/myportal/CRMModule/frmCRMMain,Corporate Secretary,CRM Module
11/6/2024 1:56:05 PM,t5vdgx1yq2mo4edqzb4zwwu5,Weiengkhoo,https://portal.incorp.asia/myportal/CRMModule/frmCRMMain,Corporate Secretary,CRM Module
11/6/2024 1:56:06 PM,t5vdgx1yq2mo4edqzb4zwwu5,Weiengkhoo,https://portal.incorp.asia/myportal/CRMModule/frmCRMMain,Corporate Secretary,CRM Module
11/6/2024 1:56:12 PM,t5vdgx1yq2mo4edqzb4zwwu5,Weiengkhoo,https://portal.incorp.asia/myportal/CRMModule/frmCRMMain,Corporate Secretary,CRM Module
11/6/2024 1:57:08 PM,t5vdgx1yq2mo4edqzb4zwwu5,Weiengkhoo,https://portal.incorp.asia/myportal/CRMModule/frmCRMMain,Corporate Secretary,CRM Module
11/6/2024 1:57:10 PM,t5vdgx1yq2mo4edqzb4zwwu5,Weiengkhoo,https://portal.incorp.asia/myportal/CRMModule/frmCRMMain,Corporate Secretary,CRM Module
11/6/2024 1:57:32 PM,t5vdgx1yq2mo4edqzb4zwwu5,Weiengkhoo,https://portal.incorp.asia/myportal/CRMModule/frmCRMMain,Corporate Secretary,CRM Module
11/6/2024 1:57:34 PM,t5vdgx1yq2mo4edqzb4zwwu5,Weiengkhoo,https://portal.incorp.asia/myportal/CRMModule/frmCRMMain,Corporate Secretary,CRM Module
11/6/2024 1:57:36 PM,t5vdgx1yq2mo4edqzb4zwwu5,Weiengkhoo,https://portal.incorp.asia/myportal/CRMModule/frmCRMMain,Corporate Secretary,CRM Module
11/6/2024 1:58:48 PM,t5vdgx1yq2mo4edqzb4zwwu5,Weiengkhoo,https://portal.incorp.asia/myportal/CRMModule/frmCRMMain,Corporate Secretary,CRM Module
11/6/2024 1:58:51 PM,t5vdgx1yq2mo4edqzb4zwwu5,Weiengkhoo,https://portal.incorp.asia/myportal/CRMModule/frmCRMMain,Corporate Secretary,CRM Module
11/6/2024 1:59:04 PM,t5vdgx1yq2mo4edqzb4zwwu5,Weiengkhoo,https://portal.incorp.asia/myportal/CRMModule/frmCRMMain,Corporate Secretary,CRM Module
11/6/2024 1:59:06 PM,t5vdgx1yq2mo4edqzb4zwwu5,Weiengkhoo,https://portal.incorp.asia/myportal/CRMModule/frmCRMMain,Corporate Secretary,CRM Module
11/6/2024 2:00:53 PM,t5vdgx1yq2mo4edqzb4zwwu5,Weiengkhoo,https://portal.incorp.asia/myportal/MYOB/frmMyobSalesRegister,Accounting Module,Sales Invoice
11/6/2024 2:00:59 PM,t5vdgx1yq2mo4edqzb4zwwu5,Weiengkhoo,https://portal.incorp.asia/myportal/MYOB/frmMYOBSalesRegisterTransferedInvoice,Accounting Module,Transferred Invoice
11/6/2024 2:01:02 PM,t5vdgx1yq2mo4edqzb4zwwu5,Weiengkhoo,https://portal.incorp.asia/myportal/MYOB/frmMYOBSalesRegisterTransferedInvoice,Accounting Module,Transferred Invoice
11/6/2024 2:01:04 PM,t5vdgx1yq2mo4edqzb4zwwu5,Weiengkhoo,https://portal.incorp.asia/myportal/MYOB/frmMYOBSalesRegisterTransferedInvoice,Accounting Module,Transferred Invoice
11/6/2024 2:01:05 PM,t5vdgx1yq2mo4edqzb4zwwu5,Weiengkhoo,https://portal.incorp.asia/myportal/MYOB/frmMYOBSalesRegisterTransferedInvoice,Accounting Module,Transferred Invoice
11/6/2024 2:01:05 PM,t5vdgx1yq2mo4edqzb4zwwu5,Weiengkhoo,https://portal.incorp.asia/myportal/MYOB/frmMYOBSalesRegisterTransferedInvoice,Accounting Module,Transferred Invoice
11/6/2024 2:01:06 PM,t5vdgx1yq2mo4edqzb4zwwu5,Weiengkhoo,https://portal.incorp.asia/myportal/MYOB/frmMYOBSalesRegisterTransferedInvoice,Accounting Module,Transferred Invoice
11/6/2024 2:01:07 PM,t5vdgx1yq2mo4edqzb4zwwu5,Weiengkhoo,https://portal.incorp.asia/myportal/MYOB/frmMYOBSalesRegisterTransferedInvoice,Accounting Module,Transferred Invoice
11/6/2024 2:01:11 PM,t5vdgx1yq2mo4edqzb4zwwu5,Weiengkhoo,https://portal.incorp.asia/myportal/MYOB/frmMYOBSalesRegisterTransferedInvoice,Accounting Module,Transferred Invoice
11/6/2024 2:01:46 PM,t5vdgx1yq2mo4edqzb4zwwu5,Weiengkhoo,https://portal.incorp.asia/myportal/MYOB/frmMyobSalesRegister,Accounting Module,Sales Invoice
11/6/2024 2:01:50 PM,t5vdgx1yq2mo4edqzb4zwwu5,Weiengkhoo,https://portal.incorp.asia/myportal/MYOB/frmMyobSalesRegister,Accounting Module,Sales Invoice
11/6/2024 2:02:58 PM,t5vdgx1yq2mo4edqzb4zwwu5,Weiengkhoo,https://portal.incorp.asia/myportal/CRMModule/frmCRMMain,Corporate Secretary,CRM Module
11/6/2024 2:03:03 PM,t5vdgx1yq2mo4edqzb4zwwu5,Weiengkhoo,https://portal.incorp.asia/myportal/CRMModule/frmCRMMain,Corporate Secretary,CRM Module
11/6/2024 2:03:04 PM,t5vdgx1yq2mo4edqzb4zwwu5,Weiengkhoo,https://portal.incorp.asia/myportal/CRMModule/frmCRMMain,Corporate Secretary,CRM Module
11/6/2024 2:03:05 PM,t5vdgx1yq2mo4edqzb4zwwu5,Weiengkhoo,https://portal.incorp.asia/myportal/CRMModule/frmCRMMain,Corporate Secretary,CRM Module
11/6/2024 2:03:06 PM,t5vdgx1yq2mo4edqzb4zwwu5,Weiengkhoo,https://portal.incorp.asia/myportal/CRMModule/frmCRMMain,Corporate Secretary,CRM Module
11/6/2024 2:03:18 PM,t5vdgx1yq2mo4edqzb4zwwu5,Weiengkhoo,https://portal.incorp.asia/myportal/CRMModule/frmCRMMain,Corporate Secretary,CRM Module
11/6/2024 2:03:19 PM,t5vdgx1yq2mo4edqzb4zwwu5,Weiengkhoo,https://portal.incorp.asia/myportal/CRMModule/frmCRMMain,Corporate Secretary,CRM Module
11/6/2024 2:03:21 PM,t5vdgx1yq2mo4edqzb4zwwu5,Weiengkhoo,https://portal.incorp.asia/myportal/CRMModule/frmCRMMain,Corporate Secretary,CRM Module
11/6/2024 2:03:23 PM,t5vdgx1yq2mo4edqzb4zwwu5,Weiengkhoo,https://portal.incorp.asia/myportal/CRMModule/frmCRMMain,Corporate Secretary,CRM Module
11/6/2024 2:03:25 PM,t5vdgx1yq2mo4edqzb4zwwu5,Weiengkhoo,https://portal.incorp.asia/myportal/CRMModule/frmCRMMain,Corporate Secretary,CRM Module
11/6/2024 2:03:39 PM,t5vdgx1yq2mo4edqzb4zwwu5,Weiengkhoo,https://portal.incorp.asia/myportal/CRMModule/frmCRMMain,Corporate Secretary,CRM Module
11/6/2024 2:03:40 PM,t5vdgx1yq2mo4edqzb4zwwu5,Weiengkhoo,https://portal.incorp.asia/myportal/CRMModule/frmCRMMain,Corporate Secretary,CRM Module
11/6/2024 2:03:42 PM,t5vdgx1yq2mo4edqzb4zwwu5,Weiengkhoo,https://portal.incorp.asia/myportal/CRMModule/frmCRMMain,Corporate Secretary,CRM Module
11/6/2024 2:03:45 PM,t5vdgx1yq2mo4edqzb4zwwu5,Weiengkhoo,https://portal.incorp.asia/myportal/CRMModule/frmCRMMain,Corporate Secretary,CRM Module
11/6/2024 2:03:54 PM,t5vdgx1yq2mo4edqzb4zwwu5,Weiengkhoo,https://portal.incorp.asia/myportal/MYOB/frmMYOBSalesRegisterTransferedInvoice,Accounting Module,Transferred Invoice
11/6/2024 2:03:57 PM,t5vdgx1yq2mo4edqzb4zwwu5,Weiengkhoo,https://portal.incorp.asia/myportal/MYOB/frmMYOBSalesRegisterTransferedInvoice,Accounting Module,Transferred Invoice
11/6/2024 2:05:38 PM,t5vdgx1yq2mo4edqzb4zwwu5,Weiengkhoo,https://portal.incorp.asia/myportal/MYOB/frmMYOBSalesRegisterTransferedInvoice,Accounting Module,Transferred Invoice
11/6/2024 2:05:58 PM,34b14s3xt5idwgdvegslcakl,Weiengkhoo,https://portal.incorp.asia/myportal/EmailHelpdesk/frmEhpdDashboardTickets,DashBoard,Dashboard
11/6/2024 2:06:06 PM,34b14s3xt5idwgdvegslcakl,Weiengkhoo,https://portal.incorp.asia/myportal/EmailHelpdesk/frmEhpdDashboardTickets/GetStaffName,DashBoard,Dashboard
11/6/2024 2:06:13 PM,34b14s3xt5idwgdvegslcakl,Weiengkhoo,https://portal.incorp.asia/myportal/MYOB/frmMYOBSalesRegisterTransferedInvoice,Accounting Module,Transferred Invoice
11/6/2024 2:06:17 PM,34b14s3xt5idwgdvegslcakl,Weiengkhoo,https://portal.incorp.asia/myportal/MYOB/frmMYOBSalesRegisterTransferedInvoice,Accounting Module,Transferred Invoice
11/6/2024 2:06:50 PM,34b14s3xt5idwgdvegslcakl,Weiengkhoo,https://portal.incorp.asia/myportal/MYOB/frmMyobSalesRegister,Accounting Module,Sales Invoice
11/6/2024 2:06:55 PM,34b14s3xt5idwgdvegslcakl,Weiengkhoo,https://portal.incorp.asia/myportal/MYOB/frmMyobSalesRegister,Accounting Module,Sales Invoice
11/6/2024 2:07:22 PM,34b14s3xt5idwgdvegslcakl,Weiengkhoo,https://portal.incorp.asia/myportal/MYOB/frmMyobSalesRegister,Accounting Module,Sales Invoice
11/6/2024 2:07:27 PM,34b14s3xt5idwgdvegslcakl,Weiengkhoo,https://portal.incorp.asia/myportal/CRMModule/frmCRMMain,Corporate Secretary,CRM Module
11/6/2024 2:07:30 PM,34b14s3xt5idwgdvegslcakl,Weiengkhoo,https://portal.incorp.asia/myportal/CRMModule/frmCRMMain,Corporate Secretary,CRM Module
11/6/2024 2:07:33 PM,34b14s3xt5idwgdvegslcakl,Weiengkhoo,https://portal.incorp.asia/myportal/CRMModule/frmCRMMain,Corporate Secretary,CRM Module
11/6/2024 2:07:34 PM,34b14s3xt5idwgdvegslcakl,Weiengkhoo,https://portal.incorp.asia/myportal/CRMModule/frmCRMMain,Corporate Secretary,CRM Module
11/6/2024 2:07:38 PM,34b14s3xt5idwgdvegslcakl,Weiengkhoo,https://portal.incorp.asia/myportal/CRMModule/frmCRMMain,Corporate Secretary,CRM Module
11/6/2024 2:07:44 PM,34b14s3xt5idwgdvegslcakl,Weiengkhoo,https://portal.incorp.asia/myportal/CRMModule/frmCRMMain,Corporate Secretary,CRM Module
11/6/2024 2:07:46 PM,34b14s3xt5idwgdvegslcakl,Weiengkhoo,https://portal.incorp.asia/myportal/CRMModule/frmCRMMain,Corporate Secretary,CRM Module
11/6/2024 2:08:18 PM,34b14s3xt5idwgdvegslcakl,Weiengkhoo,https://portal.incorp.asia/myportal/MYOB/frmMyobSalesRegister,Accounting Module,Sales Invoice
11/6/2024 2:08:21 PM,34b14s3xt5idwgdvegslcakl,Weiengkhoo,https://portal.incorp.asia/myportal/MYOB/frmMyobSalesRegister,Accounting Module,Sales Invoice
11/6/2024 2:08:23 PM,34b14s3xt5idwgdvegslcakl,Weiengkhoo,https://portal.incorp.asia/myportal/MYOB/frmMyobSalesRegister,Accounting Module,Sales Invoice
11/6/2024 2:09:43 PM,34b14s3xt5idwgdvegslcakl,Weiengkhoo,https://portal.incorp.asia/myportal/MYOB/frmMYOBSalesRegisterTransferedInvoice,Accounting Module,Transferred Invoice
11/6/2024 2:09:47 PM,34b14s3xt5idwgdvegslcakl,Weiengkhoo,https://portal.incorp.asia/myportal/MYOB/frmMYOBSalesRegisterTransferedInvoice,Accounting Module,Transferred Invoice
11/6/2024 2:09:48 PM,34b14s3xt5idwgdvegslcakl,Weiengkhoo,https://portal.incorp.asia/myportal/MYOB/frmMYOBSalesRegisterTransferedInvoice,Accounting Module,Transferred Invoice
11/6/2024 2:09:50 PM,34b14s3xt5idwgdvegslcakl,Weiengkhoo,https://portal.incorp.asia/myportal/MYOB/frmMYOBSalesRegisterTransferedInvoice,Accounting Module,Transferred Invoice
11/6/2024 2:09:51 PM,34b14s3xt5idwgdvegslcakl,Weiengkhoo,https://portal.incorp.asia/myportal/MYOB/frmMYOBSalesRegisterTransferedInvoice,Accounting Module,Transferred Invoice
11/6/2024 2:09:52 PM,34b14s3xt5idwgdvegslcakl,Weiengkhoo,https://portal.incorp.asia/myportal/MYOB/frmMYOBSalesRegisterTransferedInvoice,Accounting Module,Transferred Invoice
11/6/2024 2:10:02 PM,34b14s3xt5idwgdvegslcakl,Weiengkhoo,https://portal.incorp.asia/myportal/MYOB/frmMYOBSalesRegisterTransferedInvoice,Accounting Module,Transferred Invoice
11/6/2024 2:10:03 PM,34b14s3xt5idwgdvegslcakl,Weiengkhoo,https://portal.incorp.asia/myportal/MYOB/frmMYOBSalesRegisterTransferedInvoice,Accounting Module,Transferred Invoice
11/6/2024 2:10:05 PM,34b14s3xt5idwgdvegslcakl,Weiengkhoo,https://portal.incorp.asia/myportal/MYOB/frmMYOBSalesRegisterTransferedInvoice,Accounting Module,Transferred Invoice
11/6/2024 2:10:13 PM,34b14s3xt5idwgdvegslcakl,Weiengkhoo,https://portal.incorp.asia/myportal/MYOB/frmMYOBSalesRegisterTransferedInvoice,Accounting Module,Transferred Invoice
11/6/2024 2:10:14 PM,34b14s3xt5idwgdvegslcakl,Weiengkhoo,https://portal.incorp.asia/myportal/MYOB/frmMYOBSalesRegisterTransferedInvoice,Accounting Module,Transferred Invoice
11/6/2024 2:10:16 PM,34b14s3xt5idwgdvegslcakl,Weiengkhoo,https://portal.incorp.asia/myportal/MYOB/frmMYOBSalesRegisterTransferedInvoice,Accounting Module,Transferred Invoice
11/6/2024 2:10:17 PM,34b14s3xt5idwgdvegslcakl,Weiengkhoo,https://portal.incorp.asia/myportal/MYOB/frmMYOBSalesRegisterTransferedInvoice,Accounting Module,Transferred Invoice
11/6/2024 2:10:21 PM,34b14s3xt5idwgdvegslcakl,Weiengkhoo,https://portal.incorp.asia/myportal/MYOB/frmMyobSalesRegister,Accounting Module,Sales Invoice
11/6/2024 2:10:25 PM,34b14s3xt5idwgdvegslcakl,Weiengkhoo,https://portal.incorp.asia/myportal/MYOB/frmMyobSalesRegister,Accounting Module,Sales Invoice
11/6/2024 2:10:51 PM,34b14s3xt5idwgdvegslcakl,Weiengkhoo,https://portal.incorp.asia/myportal/MYOB/frmMyobSalesRegister,Accounting Module,Sales Invoice
11/6/2024 2:10:56 PM,34b14s3xt5idwgdvegslcakl,Weiengkhoo,https://portal.incorp.asia/myportal/MYOB/frmMyobSalesRegister,Accounting Module,Sales Invoice
11/6/2024 2:11:23 PM,34b14s3xt5idwgdvegslcakl,Weiengkhoo,https://portal.incorp.asia/myportal/MYOB/frmMyobSalesRegister,Accounting Module,Sales Invoice
11/6/2024 2:11:31 PM,34b14s3xt5idwgdvegslcakl,Weiengkhoo,https://portal.incorp.asia/myportal/MYOB/frmMyobSalesRegister,Accounting Module,Sales Invoice
11/6/2024 2:11:36 PM,34b14s3xt5idwgdvegslcakl,Weiengkhoo,https://portal.incorp.asia/myportal/MYOB/frmMyobSalesRegister,Accounting Module,Sales Invoice
11/6/2024 2:11:51 PM,34b14s3xt5idwgdvegslcakl,Weiengkhoo,https://portal.incorp.asia/myportal/MYOB/frmMYOBSalesRegisterTransferedInvoice,Accounting Module,Transferred Invoice
11/6/2024 2:11:52 PM,34b14s3xt5idwgdvegslcakl,Weiengkhoo,https://portal.incorp.asia/myportal/MYOB/frmMYOBSalesRegisterTransferedInvoice,Accounting Module,Transferred Invoice
11/6/2024 2:11:53 PM,34b14s3xt5idwgdvegslcakl,Weiengkhoo,https://portal.incorp.asia/myportal/MYOB/frmMYOBSalesRegisterTransferedInvoice,Accounting Module,Transferred Invoice
11/6/2024 2:11:54 PM,34b14s3xt5idwgdvegslcakl,Weiengkhoo,https://portal.incorp.asia/myportal/MYOB/frmMYOBSalesRegisterTransferedInvoice,Accounting Module,Transferred Invoice
11/6/2024 2:11:56 PM,34b14s3xt5idwgdvegslcakl,Weiengkhoo,https://portal.incorp.asia/myportal/MYOB/frmMYOBSalesRegisterTransferedInvoice,Accounting Module,Transferred Invoice
11/6/2024 2:12:02 PM,34b14s3xt5idwgdvegslcakl,Weiengkhoo,https://portal.incorp.asia/myportal/CompanyModule/frmCmpCompanyDirectory,Corporate Secretary,Company Details
11/6/2024 2:12:11 PM,34b14s3xt5idwgdvegslcakl,Weiengkhoo,https://portal.incorp.asia/myportal/MYOB/frmMYOBSalesRegisterTransferedInvoice,Accounting Module,Transferred Invoice
11/6/2024 2:14:59 PM,34b14s3xt5idwgdvegslcakl,Weiengkhoo,https://portal.incorp.asia/myportal/CompanyModule/frmCmpCompanyDirectory,Corporate Secretary,Company Details
12/6/2024 9:23:44 AM,yidwztvxxuxgg5trcvqkx1sx,Weiengkhoo,https://portal.incorp.asia/myportal/EmailHelpdesk/frmEhpdDashboardTickets,DashBoard,Dashboard
12/6/2024 9:23:50 AM,yidwztvxxuxgg5trcvqkx1sx,Weiengkhoo,https://portal.incorp.asia/myportal/EmailHelpdesk/frmEhpdDashboardTickets/GetStaffName,DashBoard,Dashboard
12/6/2024 9:28:48 AM,yidwztvxxuxgg5trcvqkx1sx,Weiengkhoo,https://portal.incorp.asia/myportal/CompanyModule/frmCmpCompanyDirectory,Corporate Secretary,Company Details
12/6/2024 9:28:57 AM,yidwztvxxuxgg5trcvqkx1sx,Weiengkhoo,https://portal.incorp.asia/myportal/CompanyModule/frmCmpCompanyDirectory,Corporate Secretary,Company Details
12/6/2024 9:29:06 AM,yidwztvxxuxgg5trcvqkx1sx,Weiengkhoo,https://portal.incorp.asia/myportal/MYOB/frmMyobStatementOfAccount,Credit Control,Statement of Accounts
12/6/2024 9:29:26 AM,yidwztvxxuxgg5trcvqkx1sx,Weiengkhoo,https://portal.incorp.asia/myportal/MYOB/frmMyobStatementOfAccount,Credit Control,Statement of Accounts
12/6/2024 9:29:33 AM,yidwztvxxuxgg5trcvqkx1sx,Weiengkhoo,https://portal.incorp.asia/myportal/MYOB/frmMyobStatementOfAccount,Credit Control,Statement of Accounts
12/6/2024 9:29:42 AM,yidwztvxxuxgg5trcvqkx1sx,Weiengkhoo,https://portal.incorp.asia/myportal/MYOB/frmMyobStatementOfAccount,Credit Control,Statement of Accounts
12/6/2024 9:29:43 AM,yidwztvxxuxgg5trcvqkx1sx,Weiengkhoo,https://portal.incorp.asia/myportal/MYOB/frmMyobStatementOfAccount,Credit Control,Statement of Accounts
12/6/2024 9:29:43 AM,yidwztvxxuxgg5trcvqkx1sx,Weiengkhoo,https://portal.incorp.asia/myportal/MYOB/frmMyobStatementOfAccount,Credit Control,Statement of Accounts
12/6/2024 9:29:45 AM,yidwztvxxuxgg5trcvqkx1sx,Weiengkhoo,https://portal.incorp.asia/myportal/MYOB/frmMyobStatementOfAccount,Credit Control,Statement of Accounts
12/6/2024 9:35:59 AM,yidwztvxxuxgg5trcvqkx1sx,Weiengkhoo,https://portal.incorp.asia/myportal/CompanyModule/frmCmpCompanyDirectory,Corporate Secretary,Company Details
12/6/2024 9:36:04 AM,yidwztvxxuxgg5trcvqkx1sx,Weiengkhoo,https://portal.incorp.asia/myportal/CompanyModule/frmCmpCompanyDirectory,Corporate Secretary,Company Details
12/6/2024 9:36:16 AM,yidwztvxxuxgg5trcvqkx1sx,Weiengkhoo,https://portal.incorp.asia/myportal/CompanyModule/frmCmpCompanyDirectory,Corporate Secretary,Company Details
12/6/2024 9:36:27 AM,yidwztvxxuxgg5trcvqkx1sx,Weiengkhoo,https://portal.incorp.asia/myportal/CompanyModule/frmCmpCompanyDirectory,Corporate Secretary,Company Details
12/6/2024 11:27:10 AM,yidwztvxxuxgg5trcvqkx1sx,Weiengkhoo,https://portal.incorp.asia/myportal/CompanyModule/frmCmpCompanyDirectory,Corporate Secretary,Company Details
12/6/2024 11:27:29 AM,yidwztvxxuxgg5trcvqkx1sx,Weiengkhoo,https://portal.incorp.asia/myportal/CompanyModule/frmCmpPersonDirectory,Corporate Secretary,ID Type Particulars
12/6/2024 11:27:33 AM,yidwztvxxuxgg5trcvqkx1sx,Weiengkhoo,https://portal.incorp.asia/myportal/CompanyModule/frmCmpPersonDirectory,Corporate Secretary,ID Type Particulars
12/6/2024 11:27:37 AM,yidwztvxxuxgg5trcvqkx1sx,Weiengkhoo,https://portal.incorp.asia/myportal/CompanyModule/frmCmpPersonDirectory,Corporate Secretary,ID Type Particulars
12/6/2024 11:28:15 AM,yidwztvxxuxgg5trcvqkx1sx,Weiengkhoo,https://portal.incorp.asia/myportal/CompanyModule/frmCmpPersonDirectory,Corporate Secretary,ID Type Particulars
12/6/2024 11:28:21 AM,yidwztvxxuxgg5trcvqkx1sx,Weiengkhoo,https://portal.incorp.asia/myportal/CompanyModule/frmCmpPersonDirectory,Corporate Secretary,ID Type Particulars
12/6/2024 11:28:40 AM,yidwztvxxuxgg5trcvqkx1sx,Weiengkhoo,https://portal.incorp.asia/myportal/CompanyModule/frmCmpPersonDirectory,Corporate Secretary,ID Type Particulars
12/6/2024 11:28:45 AM,yidwztvxxuxgg5trcvqkx1sx,Weiengkhoo,https://portal.incorp.asia/myportal/CompanyModule/frmCmpPersonDirectory,Corporate Secretary,ID Type Particulars
12/6/2024 11:28:52 AM,yidwztvxxuxgg5trcvqkx1sx,Weiengkhoo,https://portal.incorp.asia/myportal/CompanyModule/frmCmpPersonDirectory,Corporate Secretary,ID Type Particulars
12/6/2024 11:29:10 AM,yidwztvxxuxgg5trcvqkx1sx,Weiengkhoo,https://portal.incorp.asia/myportal/CompanyModule/frmCmpPersonDirectory,Corporate Secretary,ID Type Particulars
12/6/2024 11:29:14 AM,yidwztvxxuxgg5trcvqkx1sx,Weiengkhoo,https://portal.incorp.asia/myportal/CompanyModule/frmCmpPersonDirectory,Corporate Secretary,ID Type Particulars
12/6/2024 11:29:30 AM,yidwztvxxuxgg5trcvqkx1sx,Weiengkhoo,https://portal.incorp.asia/myportal/CompanyModule/frmCmpPersonDirectory,Corporate Secretary,ID Type Particulars
12/6/2024 11:29:35 AM,yidwztvxxuxgg5trcvqkx1sx,Weiengkhoo,https://portal.incorp.asia/myportal/CompanyModule/frmCmpPersonDirectory,Corporate Secretary,ID Type Particulars
12/6/2024 11:29:49 AM,yidwztvxxuxgg5trcvqkx1sx,Weiengkhoo,https://portal.incorp.asia/myportal/CompanyModule/frmCmpPersonDirectory,Corporate Secretary,ID Type Particulars
12/6/2024 11:29:55 AM,yidwztvxxuxgg5trcvqkx1sx,Weiengkhoo,https://portal.incorp.asia/myportal/CompanyModule/frmCmpPersonDirectory,Corporate Secretary,ID Type Particulars
12/6/2024 11:29:58 AM,yidwztvxxuxgg5trcvqkx1sx,Weiengkhoo,https://portal.incorp.asia/myportal/CompanyModule/frmCmpPersonDirectory,Corporate Secretary,ID Type Particulars
12/6/2024 11:30:06 AM,yidwztvxxuxgg5trcvqkx1sx,Weiengkhoo,https://portal.incorp.asia/myportal/CompanyModule/frmCmpPersonDirectory,Corporate Secretary,ID Type Particulars
12/6/2024 11:30:22 AM,yidwztvxxuxgg5trcvqkx1sx,Weiengkhoo,https://portal.incorp.asia/myportal/CompanyModule/frmCmpPersonDirectory,Corporate Secretary,ID Type Particulars
12/6/2024 11:30:26 AM,yidwztvxxuxgg5trcvqkx1sx,Weiengkhoo,https://portal.incorp.asia/myportal/CompanyModule/frmCmpPersonDirectory,Corporate Secretary,ID Type Particulars
12/6/2024 11:30:38 AM,yidwztvxxuxgg5trcvqkx1sx,Weiengkhoo,https://portal.incorp.asia/myportal/CompanyModule/frmCmpPersonDirectory,Corporate Secretary,ID Type Particulars
12/6/2024 11:30:43 AM,yidwztvxxuxgg5trcvqkx1sx,Weiengkhoo,https://portal.incorp.asia/myportal/CompanyModule/frmCmpPersonDirectory,Corporate Secretary,ID Type Particulars
12/6/2024 11:31:42 AM,yidwztvxxuxgg5trcvqkx1sx,Weiengkhoo,https://portal.incorp.asia/myportal/CompanyModule/frmCmpPersonDirectory,Corporate Secretary,ID Type Particulars
12/6/2024 11:31:49 AM,yidwztvxxuxgg5trcvqkx1sx,Weiengkhoo,https://portal.incorp.asia/myportal/CompanyModule/frmCmpPersonDirectory,Corporate Secretary,ID Type Particulars
12/6/2024 11:31:54 AM,yidwztvxxuxgg5trcvqkx1sx,Weiengkhoo,https://portal.incorp.asia/myportal/CompanyModule/frmCmpPersonDirectory,Corporate Secretary,ID Type Particulars
12/6/2024 11:32:07 AM,yidwztvxxuxgg5trcvqkx1sx,Weiengkhoo,https://portal.incorp.asia/myportal/CompanyModule/frmCmpCompanyDirectory,Corporate Secretary,Company Details
12/6/2024 1:42:33 PM,yidwztvxxuxgg5trcvqkx1sx,Weiengkhoo,https://portal.incorp.asia/myportal/ChasePayment/frmCHPChasePayments,Credit Control,Chase Payments
12/6/2024 1:42:35 PM,yidwztvxxuxgg5trcvqkx1sx,Weiengkhoo,https://portal.incorp.asia/myportal/MYOB/frmMyobStatementOfAccount,Credit Control,Statement of Accounts
12/6/2024 1:42:37 PM,yidwztvxxuxgg5trcvqkx1sx,Weiengkhoo,https://portal.incorp.asia/myportal/MYOB/frmMyobStatementOfAccount,Credit Control,Statement of Accounts
12/6/2024 1:42:39 PM,yidwztvxxuxgg5trcvqkx1sx,Weiengkhoo,https://portal.incorp.asia/myportal/MYOB/frmMyobStatementOfAccount,Credit Control,Statement of Accounts
12/6/2024 1:42:41 PM,yidwztvxxuxgg5trcvqkx1sx,Weiengkhoo,https://portal.incorp.asia/myportal/MYOB/frmMyobStatementOfAccount,Credit Control,Statement of Accounts
12/6/2024 1:42:46 PM,yidwztvxxuxgg5trcvqkx1sx,Weiengkhoo,https://portal.incorp.asia/myportal/MYOB/frmMyobStatementOfAccount,Credit Control,Statement of Accounts
12/6/2024 1:42:47 PM,yidwztvxxuxgg5trcvqkx1sx,Weiengkhoo,https://portal.incorp.asia/myportal/MYOB/frmMyobStatementOfAccount,Credit Control,Statement of Accounts
12/6/2024 1:42:51 PM,yidwztvxxuxgg5trcvqkx1sx,Weiengkhoo,https://portal.incorp.asia/myportal/MYOB/frmMyobStatementOfAccount,Credit Control,Statement of Accounts
12/6/2024 1:42:52 PM,yidwztvxxuxgg5trcvqkx1sx,Weiengkhoo,https://portal.incorp.asia/myportal/MYOB/frmMyobStatementOfAccount,Credit Control,Statement of Accounts
12/6/2024 1:43:22 PM,yidwztvxxuxgg5trcvqkx1sx,Weiengkhoo,https://portal.incorp.asia/myportal/MYOB/frmMyobStatementOfAccount,Credit Control,Statement of Accounts
12/6/2024 1:43:25 PM,yidwztvxxuxgg5trcvqkx1sx,Weiengkhoo,https://portal.incorp.asia/myportal/MYOB/frmMyobStatementOfAccount,Credit Control,Statement of Accounts
12/6/2024 3:49:52 PM,yidwztvxxuxgg5trcvqkx1sx,Weiengkhoo,https://portal.incorp.asia/myportal/CompanyModule/frmCmpCompanyDirectory,Corporate Secretary,Company Details
12/6/2024 3:49:55 PM,yidwztvxxuxgg5trcvqkx1sx,Weiengkhoo,https://portal.incorp.asia/myportal/CompanyModule/frmCmpCompanyDirectory,Corporate Secretary,Company Details
12/6/2024 3:49:58 PM,yidwztvxxuxgg5trcvqkx1sx,Weiengkhoo,https://portal.incorp.asia/myportal/CompanyModule/frmCmpCompanyDirectory,Corporate Secretary,Company Details
12/6/2024 4:04:15 PM,yidwztvxxuxgg5trcvqkx1sx,Weiengkhoo,https://portal.incorp.asia/myportal/CompanyModule/frmCmpCompanyDirectory,Corporate Secretary,Company Details
12/6/2024 4:04:19 PM,yidwztvxxuxgg5trcvqkx1sx,Weiengkhoo,https://portal.incorp.asia/myportal/CompanyModule/frmCmpCompanyDirectory,Corporate Secretary,Company Details
12/6/2024 4:28:57 PM,yidwztvxxuxgg5trcvqkx1sx,Weiengkhoo,https://portal.incorp.asia/myportal/CompanyModule/frmCmpCompanyDirectory,Corporate Secretary,Company Details
12/6/2024 4:29:00 PM,yidwztvxxuxgg5trcvqkx1sx,Weiengkhoo,https://portal.incorp.asia/myportal/CompanyModule/frmCmpCompanyDirectory,Corporate Secretary,Company Details
12/6/2024 4:48:01 PM,yidwztvxxuxgg5trcvqkx1sx,Weiengkhoo,https://portal.incorp.asia/myportal/CompanyModule/frmCmpCompanyDirectory,Corporate Secretary,Company Details
12/6/2024 4:51:03 PM,yidwztvxxuxgg5trcvqkx1sx,Weiengkhoo,https://portal.incorp.asia/myportal/CompanyModule/frmCmpCompanyDirectory,Corporate Secretary,Company Details
12/6/2024 4:52:40 PM,yidwztvxxuxgg5trcvqkx1sx,Weiengkhoo,https://portal.incorp.asia/myportal/MYOB/frmMYOBSalesRegisterTransferedInvoice,Accounting Module,Transferred Invoice
12/6/2024 5:56:27 PM,yidwztvxxuxgg5trcvqkx1sx,Weiengkhoo,https://portal.incorp.asia/myportal/CompanyModule/frmCmpCompanyDirectory,Corporate Secretary,Company Details
12/6/2024 5:56:34 PM,yidwztvxxuxgg5trcvqkx1sx,Weiengkhoo,https://portal.incorp.asia/myportal/CompanyModule/frmCmpCompanyDirectory,Corporate Secretary,Company Details
12/6/2024 5:56:39 PM,yidwztvxxuxgg5trcvqkx1sx,Weiengkhoo,https://portal.incorp.asia/myportal/CompanyModule/frmCmpCompanyDirectory,Corporate Secretary,Company Details
12/6/2024 5:56:48 PM,yidwztvxxuxgg5trcvqkx1sx,Weiengkhoo,https://portal.incorp.asia/myportal/CompanyModule/frmCmpCompanyDirectory,Corporate Secretary,Company Details
12/6/2024 5:56:54 PM,yidwztvxxuxgg5trcvqkx1sx,Weiengkhoo,https://portal.incorp.asia/myportal/CompanyModule/frmCmpCompanyDirectory,Corporate Secretary,Company Details
12/6/2024 5:56:57 PM,yidwztvxxuxgg5trcvqkx1sx,Weiengkhoo,https://portal.incorp.asia/myportal/CompanyModule/frmCmpCompanyDirectory,Corporate Secretary,Company Details
12/6/2024 5:57:02 PM,yidwztvxxuxgg5trcvqkx1sx,Weiengkhoo,https://portal.incorp.asia/myportal/CompanyModule/frmCmpCompanyDirectory,Corporate Secretary,Company Details
